QueryName	QuerySeq	TargetName	TargetSeq	Distance	SearchType	GenomicFrequency	Score	Details
QUERY:3-22:+	CTCGAGCGTCGCGTGGAGTC	test_data_1in_1del:100653-100672:+	CTCGGCGTCGCGTGGAGTTC	2	Indel	2	0.0050199375	[["del",-16,"A","-"],["ins",-2,"-","T"]]
QUERY:3-22:+	CTCGAGCGTCGCGTGGAGTC	test_data_1in_1del:104378-104397:+	CTCCGAGCGCGCGTGGAGTC	2	Indel	2	0.01963371	[["del",-19,"T","-"],["del",-12,"T","-"]]
QUERY:3-22:+	CTCGAGCGTCGCGTGGAGTC	test_data_1in_1del:10503-10522:+	CTCAGCGTCGCGTCGGAGTC	2	Indel	1	0.00767676	[["del",-17,"G","-"],["ins",-7,"-","C"]]
QUERY:3-22:+	CTCGAGCGTCGCGTGGAGTC	test_data_1in_1del:106078-106097:+	CTGAGTCGTCGCGTGGAGTC	2	Indel	1	0.0263092	[["del",-18,"C","-"],["ins",-15,"-","T"]]
QUERY:3-22:+	CTCGAGCGTCGCGTGGAGTC	test_data_1in_1del:11228-11247:+	CTCGAGCGATCGCGTGGAGT	2	Indel	1	0.00361215	[["ins",-13,"-","A"],["del",-1,"C","-"]]
QUERY:3-22:+	CTCGAGCGTCGCGTGGAGTC	test_data_1in_1del:112828-112847:+	CTCGAGGTCGTCGTGGAGTC	2	Indel	1	0.0081661125	[["del",-14,"C","-"],["ins",-10,"-","T"]]
QUERY:3-22:+	CTCGAGCGTCGCGTGGAGTC	test_data_1in_1del:114228-114247:+	CTCGAGCGTGCGTGGAGTCC	2	Indel	1	0.0027255	[["del",-11,"C","-"],["ins",-1,"-","C"]]
QUERY:3-22:+	CTCGAGCGTCGCGTGGAGTC	test_data_1in_1del:114629-114648:-	CTCGAGCGTCGCAGTGGATC	2	Indel	1	0.00189658	[["ins",-9,"-","A"],["del",-3,"G","-"]]
QUERY:3-22:+	CTCGAGCGTCGCGTGGAGTC	test_data_1in_1del:121379-121398:-	CTCGAAGCGTCCGTGGAGTC	2	Indel	1	0.011800425	[["ins",-17,"-","A"],["del",-10,"G","-"]]
QUERY:3-22:+	CTCGAGCGTCGCGTGGAGTC	test_data_1in_1del:124978-124997:+	CTCGAAGCGTGCGTGGAGTC	2	Indel	1	0.0136591	[["ins",-17,"-","A"],["del",-11,"C","-"]]
QUERY:3-22:+	CTCGAGCGTCGCGTGGAGTC	test_data_1in_1del:128153-128172:+	CTCGAGCGTCGCGTGAGATC	3	Mismatch	1	0.00868346373194	[["sub",-5,"G","A"],["sub",-4,"A","G"],["sub",-3,"G","A"]]
QUERY:3-22:+	CTCGAGCGTCGCGTGGAGTC	test_data_1in_1del:130928-130947:+	CTCGAGCGTCGCGATGGGTC	3	Mismatch	1	0.0095010355	[["sub",-7,"T","A"],["sub",-6,"G","T"],["sub",-4,"A","G"]]
QUERY:3-22:+	CTCGAGCGTCGCGTGGAGTC	test_data_1in_1del:131204-131223:-	CTCGAGCTCGCGTGGACGTC	2	Indel	1	0.003470805	[["del",-13,"G","-"],["ins",-4,"-","C"]]
QUERY:3-22:+	CTCGAGCGTCGCGTGGAGTC	test_data_1in_1del:131879-131898:-	CTCGAGCGTCGGTGTGAGTC	2	Indel	1	0.002311825	[["del",-9,"C","-"],["ins",-6,"-","T"]]
QUERY:3-22:+	CTCGAGCGTCGCGTGGAGTC	test_data_1in_1del:131978-131997:+	CTTCGAGCGTCGGTGGAGTC	2	Indel	1	0.0296954166667	[["sub",-20,"C","T"],["del",-9,"C","-"]]
QUERY:3-22:+	CTCGAGCGTCGCGTGGAGTC	test_data_1in_1del:133729-133748:-	GCTCGAGCGTCGCTGGAGTC	1	Indel	1	0.1019	[["del",-8,"G","-"]]
QUERY:3-22:+	CTCGAGCGTCGCGTGGAGTC	test_data_1in_1del:133929-133948:-	CTCGAGCGTCGCGTGGAATC	1	Mismatch	2	0.3244	[["sub",-3,"G","A"]]
QUERY:3-22:+	CTCGAGCGTCGCGTGGAGTC	test_data_1in_1del:134304-134323:-	CTTCGAGCGCGCGTGGAGTC	2	Indel	1	0.0459547916667	[["sub",-20,"C","T"],["del",-12,"T","-"]]
QUERY:3-22:+	CTCGAGCGTCGCGTGGAGTC	test_data_1in_1del:139554-139573:-	CTACGAGCGTCGGTGGAGTC	2	Indel	1	0.01268706	[["ins",-19,"-","A"],["del",-9,"C","-"]]
QUERY:3-22:+	CTCGAGCGTCGCGTGGAGTC	test_data_1in_1del:140254-140273:-	CTCGAGCCGTCGCGTGAGTC	2	Indel	1	0.005338	[["ins",-15,"-","C"],["del",-6,"G","-"]]
QUERY:3-22:+	CTCGAGCGTCGCGTGGAGTC	test_data_1in_1del:140303-140322:+	CTCGAGCGTCGCTGCGAGTC	3	Mismatch	1	0.013382390725	[["sub",-8,"G","T"],["sub",-7,"T","G"],["sub",-6,"G","C"]]
QUERY:3-22:+	CTCGAGCGTCGCGTGGAGTC	test_data_1in_1del:141128-141147:+	GCTGAGCGTCGCGTGGAGTC	1	Indel	1	0.3869	[["del",-18,"C","-"]]
QUERY:3-22:+	CTCGAGCGTCGCGTGGAGTC	test_data_1in_1del:145078-145097:+	TCGAGCGTTCGCGTGGAGTC	2	Indel	3	0.05278625	[["sub",-20,"C","T"],["ins",-13,"-","T"]]
QUERY:3-22:+	CTCGAGCGTCGCGTGGAGTC	test_data_1in_1del:146803-146822:+	CTCGAGCGTCGCGTGGGTCA	2	Indel	1	0.001143675	[["del",-4,"A","-"],["ins",-1,"-","A"]]
QUERY:3-22:+	CTCGAGCGTCGCGTGGAGTC	test_data_1in_1del:14804-14823:-	CTCCGAGCGCGCGTGGAGTC	2	Indel	2	0.01963371	[["del",-19,"T","-"],["del",-12,"T","-"]]
QUERY:3-22:+	CTCGAGCGTCGCGTGGAGTC	test_data_1in_1del:150828-150847:+	CTCGACGCGTCGCGTGAGTC	2	Indel	2	0.0060346875	[["ins",-16,"-","C"],["del",-6,"G","-"]]
QUERY:3-22:+	CTCGAGCGTCGCGTGGAGTC	test_data_1in_1del:153353-153372:+	CGTCGAGGTCGCGTGGAGTC	2	Indel	1	0.0603235416667	[["sub",-20,"C","G"],["del",-14,"C","-"]]
QUERY:3-22:+	CTCGAGCGTCGCGTGGAGTC	test_data_1in_1del:156928-156947:+	CTCGAGCGTACGGTGGAGTC	3	Mismatch	1	0.0230640150872	[["sub",-11,"C","A"],["sub",-10,"G","C"],["sub",-9,"C","G"]]
QUERY:3-22:+	CTCGAGCGTCGCGTGGAGTC	test_data_1in_1del:159353-159372:+	ACTCGAGCGTCGCGTGGAGC	1	Indel	1	0.0653	[["del",-2,"T","-"]]
QUERY:3-22:+	CTCGAGCGTCGCGTGGAGTC	test_data_1in_1del:159504-159523:-	CTCGAGCTGTCGCGGGAGTC	2	Indel	1	0.00531246	[["ins",-14,"-","T"],["del",-7,"T","-"]]
QUERY:3-22:+	CTCGAGCGTCGCGTGGAGTC	test_data_1in_1del:164728-164747:+	CTCGAGCGTCGCGGTGGAGT	2	Indel	1	0.00203205	[["ins",-9,"-","G"],["del",-1,"C","-"]]
QUERY:3-22:+	CTCGAGCGTCGCGTGGAGTC	test_data_1in_1del:164978-164997:+	CTCGAGCGTCCGTGGGAGTC	2	Indel	1	0.0030303	[["del",-10,"G","-"],["ins",-7,"-","G"]]
QUERY:3-22:+	CTCGAGCGTCGCGTGGAGTC	test_data_1in_1del:166229-166248:-	CTCGAGCGTCGCGTGCGGTC	2	Mismatch	1	0.041897375	[["sub",-5,"G","C"],["sub",-4,"A","G"]]
QUERY:3-22:+	CTCGAGCGTCGCGTGGAGTC	test_data_1in_1del:166929-166948:-	ACCGAGCGTCGCGTGGAGTC	1	Indel	1	0.4308	[["del",-19,"T","-"]]
QUERY:3-22:+	CTCGAGCGTCGCGTGGAGTC	test_data_1in_1del:171153-171172:+	CTCGGAGCGTCGCGTGGATC	2	Indel	2	0.00622909	[["ins",-18,"-","G"],["del",-3,"G","-"]]
QUERY:3-22:+	CTCGAGCGTCGCGTGGAGTC	test_data_1in_1del:172129-172148:-	CTCGAGCGTTCGCGTGGGTC	2	Indel	1	0.003470805	[["ins",-13,"-","T"],["del",-4,"A","-"]]
QUERY:3-22:+	CTCGAGCGTCGCGTGGAGTC	test_data_1in_1del:173779-173798:-	CTCGAGCGTCCGTGGAGTAC	2	Indel	1	0.0022283625	[["del",-10,"G","-"],["ins",-2,"-","A"]]
QUERY:3-22:+	CTCGAGCGTCGCGTGGAGTC	test_data_1in_1del:181179-181198:-	CTCGAGCGTTCGGTGGAGTC	3	Mismatch	1	0.0230640150872	[["sub",-11,"C","T"],["sub",-10,"G","C"],["sub",-9,"C","G"]]
QUERY:3-22:+	CTCGAGCGTCGCGTGGAGTC	test_data_1in_1del:186378-186397:+	CTCGAGCGTCGCGTGGCAGT	2	Indel	1	0.00122475	[["ins",-5,"-","C"],["del",-1,"C","-"]]
QUERY:3-22:+	CTCGAGCGTCGCGTGGAGTC	test_data_1in_1del:186428-186447:+	CTCGAGCGTACGCGTGGGTC	2	Indel	1	0.0030216225	[["ins",-12,"-","A"],["del",-4,"A","-"]]
QUERY:3-22:+	CTCGAGCGTCGCGTGGAGTC	test_data_1in_1del:188103-188122:+	CTCGAGTCGTCGCGTGAGTC	2	Indel	1	0.005338	[["ins",-15,"-","T"],["del",-6,"G","-"]]
QUERY:3-22:+	CTCGAGCGTCGCGTGGAGTC	test_data_1in_1del:19103-19122:+	CTCGCAGCGTCGCTGGAGTC	2	Indel	1	0.008809255	[["ins",-17,"-","C"],["del",-8,"G","-"]]
QUERY:3-22:+	CTCGAGCGTCGCGTGGAGTC	test_data_1in_1del:193954-193973:-	CCGAGCGTCGCCGTGGAGTC	2	Indel	1	0.01470105	[["del",-19,"T","-"],["ins",-10,"-","C"]]
QUERY:3-22:+	CTCGAGCGTCGCGTGGAGTC	test_data_1in_1del:195053-195072:+	CTCGATGCGTCGCTGGAGTC	2	Indel	1	0.0078335625	[["ins",-16,"-","T"],["del",-8,"G","-"]]
QUERY:3-22:+	CTCGAGCGTCGCGTGGAGTC	test_data_1in_1del:195278-195297:+	CTCGACGTCGCGTGGATGTC	2	Indel	1	0.0045084	[["del",-15,"G","-"],["ins",-4,"-","T"]]
QUERY:3-22:+	CTCGAGCGTCGCGTGGAGTC	test_data_1in_1del:197103-197122:+	CTCTGGCGTCGCGTGGAGTC	2	Mismatch	1	0.184637291667	[["sub",-17,"G","T"],["sub",-16,"A","G"]]
QUERY:3-22:+	CTCGAGCGTCGCGTGGAGTC	test_data_1in_1del:197803-197822:+	CTCGAGCGTCGCGTGGATGC	2	Mismatch	1	0.0363042648148	[["sub",-3,"G","T"],["sub",-2,"T","G"]]
QUERY:3-22:+	CTCGAGCGTCGCGTGGAGTC	test_data_1in_1del:197804-197823:+	TCGAGCGTCGCGTGGATGCC	2	Indel	1	0.005806775	[["ins",-4,"-","T"],["sub",-2,"T","C"]]
QUERY:3-22:+	CTCGAGCGTCGCGTGGAGTC	test_data_1in_1del:198179-198198:-	CTCGAGCCGTCGCGTGGGTC	2	Indel	1	0.0045084	[["ins",-15,"-","C"],["del",-4,"A","-"]]
QUERY:3-22:+	CTCGAGCGTCGCGTGGAGTC	test_data_1in_1del:213979-213998:-	CTCGAGCTGTCCGTGGAGTC	2	Indel	1	0.0081661125	[["ins",-14,"-","T"],["del",-10,"G","-"]]
QUERY:3-22:+	CTCGAGCGTCGCGTGGAGTC	test_data_1in_1del:214053-214072:+	CTCAGCGGTCGCGTGGAGTC	2	Indel	1	0.020687485	[["del",-17,"G","-"],["ins",-14,"-","G"]]
QUERY:3-22:+	CTCGAGCGTCGCGTGGAGTC	test_data_1in_1del:215404-215423:-	CTCGAGGTCGCAGTGGAGTC	2	Indel	1	0.007047385	[["del",-14,"C","-"],["ins",-9,"-","A"]]
QUERY:3-22:+	CTCGAGCGTCGCGTGGAGTC	test_data_1in_1del:216203-216222:+	CTCGAGCGTCGGGTGGAGTC	1	Mismatch	2	0.4378	[["sub",-9,"C","G"]]
QUERY:3-22:+	CTCGAGCGTCGCGTGGAGTC	test_data_1in_1del:216204-216223:+	TCGAGCGTCGGGTGGAGTCC	2	Indel	2	0.00839116666667	[["sub",-9,"C","G"],["ins",-1,"-","C"]]
QUERY:3-22:+	CTCGAGCGTCGCGTGGAGTC	test_data_1in_1del:217028-217047:+	CTCGGCGTCGCGTGGAAGTC	2	Indel	1	0.005458125	[["del",-16,"A","-"],["ins",-5,"-","A"]]
QUERY:3-22:+	CTCGAGCGTCGCGTGGAGTC	test_data_1in_1del:217778-217797:+	CTCGAGCGTCGCTGGGAGTC	2	Mismatch	1	0.0568422	[["sub",-8,"G","T"],["sub",-7,"T","G"]]
QUERY:3-22:+	CTCGAGCGTCGCGTGGAGTC	test_data_1in_1del:218453-218472:+	CTCGAGGTCGCGTGCGAGTC	2	Indel	1	0.0046962625	[["del",-14,"C","-"],["ins",-6,"-","C"]]
QUERY:3-22:+	CTCGAGCGTCGCGTGGAGTC	test_data_1in_1del:218604-218623:-	CTCGAGCGCGCGTGGACGTC	2	Indel	1	0.0030216225	[["del",-12,"T","-"],["ins",-4,"-","C"]]
QUERY:3-22:+	CTCGAGCGTCGCGTGGAGTC	test_data_1in_1del:219778-219797:+	CTCGACGCGTCGGTGGAGTC	2	Indel	1	0.009055875	[["ins",-16,"-","C"],["del",-9,"C","-"]]
QUERY:3-22:+	CTCGAGCGTCGCGTGGAGTC	test_data_1in_1del:221578-221597:+	CCTCAGCGTCGCGTGGAGTC	1	Indel	1	0.3458	[["del",-17,"G","-"]]
QUERY:3-22:+	CTCGAGCGTCGCGTGGAGTC	test_data_1in_1del:223379-223398:-	CTCAGAGCGCGCGTGGAGTC	2	Indel	1	0.0176329675	[["ins",-18,"-","A"],["del",-12,"T","-"]]
QUERY:3-22:+	CTCGAGCGTCGCGTGGAGTC	test_data_1in_1del:225503-225522:+	CTCGGAGCGCGCGTGGAGTC	2	Indel	1	0.0176329675	[["ins",-18,"-","G"],["del",-12,"T","-"]]
QUERY:3-22:+	CTCGAGCGTCGCGTGGAGTC	test_data_1in_1del:226903-226922:+	CTCGACGTACGCGTGGAGTC	2	Indel	1	0.0123964	[["del",-15,"G","-"],["ins",-12,"-","A"]]
QUERY:3-22:+	CTCGAGCGTCGCGTGGAGTC	test_data_1in_1del:231553-231572:+	CTCCGAGCGTCGCGGGAGTC	2	Indel	1	0.00956376	[["del",-19,"T","-"],["del",-7,"T","-"]]
QUERY:3-22:+	CTCGAGCGTCGCGTGGAGTC	test_data_1in_1del:231729-231748:-	CTCGAGCGTCCGCGTGGAGT	2	Indel	1	0.003144675	[["ins",-12,"-","C"],["del",-1,"C","-"]]
QUERY:3-22:+	CTCGAGCGTCGCGTGGAGTC	test_data_1in_1del:232079-232098:-	CTCGAGCGTCGCTGGATGTC	2	Indel	1	0.0016889925	[["del",-8,"G","-"],["ins",-4,"-","T"]]
QUERY:3-22:+	CTCGAGCGTCGCGTGGAGTC	test_data_1in_1del:236978-236997:+	CTCGAAGCGTCGCTGGAGTC	2	Indel	1	0.008809255	[["ins",-17,"-","A"],["del",-8,"G","-"]]
QUERY:3-22:+	CTCGAGCGTCGCGTGGAGTC	test_data_1in_1del:238878-238897:+	CTCCGAGCGTCGCGTGGAGC	2	Indel	1	0.00703281	[["del",-19,"T","-"],["del",-2,"T","-"]]
QUERY:3-22:+	CTCGAGCGTCGCGTGGAGTC	test_data_1in_1del:238904-238923:-	CTCGAGCGTCGCGTGAGTTC	3	Mismatch	1	0.00868346373194	[["sub",-5,"G","A"],["sub",-4,"A","G"],["sub",-3,"G","T"]]
QUERY:3-22:+	CTCGAGCGTCGCGTGGAGTC	test_data_1in_1del:24028-24047:+	CTCGAGGCGTCCGTGGAGTC	2	Indel	1	0.0104934375	[["ins",-16,"-","G"],["del",-10,"G","-"]]
QUERY:3-22:+	CTCGAGCGTCGCGTGGAGTC	test_data_1in_1del:241504-241523:-	CATCGAGCGCGCGTGGAGTC	2	Indel	1	0.0459547916667	[["sub",-20,"C","A"],["del",-12,"T","-"]]
QUERY:3-22:+	CTCGAGCGTCGCGTGGAGTC	test_data_1in_1del:24254-24273:-	CTCGCAGCGTGCGTGGAGTC	2	Indel	1	0.0136591	[["ins",-17,"-","C"],["del",-11,"C","-"]]
QUERY:3-22:+	CTCGAGCGTCGCGTGGAGTC	test_data_1in_1del:242954-242973:-	CTCGAGCGTCGCGGGTAGTC	2	Mismatch	1	0.04212	[["sub",-7,"T","G"],["sub",-5,"G","T"]]
QUERY:3-22:+	CTCGAGCGTCGCGTGGAGTC	test_data_1in_1del:245879-245898:-	CTCGGCGTCGCGTGGAGTTC	2	Indel	2	0.0050199375	[["del",-16,"A","-"],["ins",-2,"-","T"]]
QUERY:3-22:+	CTCGAGCGTCGCGTGGAGTC	test_data_1in_1del:247804-247823:-	CTGAGCGTCGCCGTGGAGTC	2	Indel	1	0.0132029625	[["del",-18,"C","-"],["ins",-10,"-","C"]]
QUERY:3-22:+	CTCGAGCGTCGCGTGGAGTC	test_data_1in_1del:25228-25247:+	CTCGGAGCGTCGCGTGGATC	2	Indel	2	0.00622909	[["ins",-18,"-","G"],["del",-3,"G","-"]]
QUERY:3-22:+	CTCGAGCGTCGCGTGGAGTC	test_data_1in_1del:32479-32498:-	CTCAGCGTCGCGTGGAGGTC	2	Indel	1	0.005731635	[["del",-17,"G","-"],["ins",-4,"-","G"]]
QUERY:3-22:+	CTCGAGCGTCGCGTGGAGTC	test_data_1in_1del:35454-35473:-	CTCGAGCGTTCCGTGGAGTC	2	Mismatch	1	0.0824581944444	[["sub",-11,"C","T"],["sub",-10,"G","C"]]
QUERY:3-22:+	CTCGAGCGTCGCGTGGAGTC	test_data_1in_1del:37129-37148:-	CTCGAGGTCGCGCTGGAGTC	2	Indel	1	0.0060961675	[["del",-14,"C","-"],["ins",-8,"-","C"]]
QUERY:3-22:+	CTCGAGCGTCGCGTGGAGTC	test_data_1in_1del:39354-39373:-	CTCGAGCGTGCGCTGGAGTC	2	Indel	1	0.0046440925	[["ins",-12,"-","G"],["del",-8,"G","-"]]
QUERY:3-22:+	CTCGAGCGTCGCGTGGAGTC	test_data_1in_1del:43179-43198:-	CTCGAGCGTCGCTGGAGTCG	2	Indel	1	0.001757775	[["del",-8,"G","-"],["ins",-1,"-","G"]]
QUERY:3-22:+	CTCGAGCGTCGCGTGGAGTC	test_data_1in_1del:45254-45273:-	CTCGAGGTCGCGTGGTAGTC	2	Indel	1	0.004247575	[["del",-14,"C","-"],["ins",-5,"-","T"]]
QUERY:3-22:+	CTCGAGCGTCGCGTGGAGTC	test_data_1in_1del:46228-46247:+	CTCGAGCGTCTGCGGGAGTC	2	Indel	1	0.0035076	[["ins",-11,"-","T"],["del",-7,"T","-"]]
QUERY:3-22:+	CTCGAGCGTCGCGTGGAGTC	test_data_1in_1del:47829-47848:-	CTCGCAGCGTCGCGTGGAGC	2	Indel	1	0.005645185	[["ins",-17,"-","C"],["del",-2,"T","-"]]
QUERY:3-22:+	CTCGAGCGTCGCGTGGAGTC	test_data_1in_1del:49229-49248:-	CTCAGCGTCGCGTGGAGTCA	2	Indel	1	0.00596505	[["del",-17,"G","-"],["ins",-1,"-","A"]]
QUERY:3-22:+	CTCGAGCGTCGCGTGGAGTC	test_data_1in_1del:49578-49597:+	CCTCGAGCGTCGCTGGAGTC	1	Indel	1	0.1019	[["del",-8,"G","-"]]
QUERY:3-22:+	CTCGAGCGTCGCGTGGAGTC	test_data_1in_1del:49579-49598:+	CTCGAGCGTCGCTGGAGTCC	2	Indel	1	0.001757775	[["del",-8,"G","-"],["ins",-1,"-","C"]]
QUERY:3-22:+	CTCGAGCGTCGCGTGGAGTC	test_data_1in_1del:50879-50898:-	CTCGAGCGTCAGCGTGAGTC	2	Indel	1	0.00310075	[["ins",-11,"-","A"],["del",-6,"G","-"]]
QUERY:3-22:+	CTCGAGCGTCGCGTGGAGTC	test_data_1in_1del:64179-64198:-	CTCGACGTCGTCGTGGAGTC	2	Indel	1	0.009282	[["del",-15,"G","-"],["ins",-10,"-","T"]]
QUERY:3-22:+	CTCGAGCGTCGCGTGGAGTC	test_data_1in_1del:65403-65422:+	CTCGAGGTCGCGGTGGAGTC	2	Indel	1	0.007047385	[["del",-14,"C","-"],["ins",-9,"-","G"]]
QUERY:3-22:+	CTCGAGCGTCGCGTGGAGTC	test_data_1in_1del:68154-68173:-	CTCGAGCGTCGCGTGGGATC	2	Mismatch	1	0.0387222462963	[["sub",-4,"A","G"],["sub",-3,"G","A"]]
QUERY:3-22:+	CTCGAGCGTCGCGTGGAGTC	test_data_1in_1del:6903-6922:+	CTCGACGCGTCGCGTGAGTC	2	Indel	2	0.0060346875	[["ins",-16,"-","C"],["del",-6,"G","-"]]
QUERY:3-22:+	CTCGAGCGTCGCGTGGAGTC	test_data_1in_1del:72053-72072:+	CTCGCAGCGTCGCGTGAGTC	2	Indel	1	0.006786325	[["ins",-17,"-","C"],["del",-6,"G","-"]]
QUERY:3-22:+	CTCGAGCGTCGCGTGGAGTC	test_data_1in_1del:74104-74123:-	TCGAGCGTCGCGTGGAGCTC	2	Indel	1	0.0162341666667	[["sub",-20,"C","T"],["ins",-3,"-","C"]]
QUERY:3-22:+	CTCGAGCGTCGCGTGGAGTC	test_data_1in_1del:75028-75047:+	CTCGAGCGTGCGTGTGAGTC	2	Indel	1	0.00310075	[["del",-11,"C","-"],["ins",-6,"-","T"]]
QUERY:3-22:+	CTCGAGCGTCGCGTGGAGTC	test_data_1in_1del:76604-76623:-	CTCGAAGCGTCGCGTGAGTC	2	Indel	1	0.006786325	[["ins",-17,"-","A"],["del",-6,"G","-"]]
QUERY:3-22:+	CTCGAGCGTCGCGTGGAGTC	test_data_1in_1del:7903-7922:+	CTCGAGCGCTGCGTGGAGTC	2	Mismatch	1	0.0940889537037	[["sub",-12,"T","C"],["sub",-11,"C","T"]]
QUERY:3-22:+	CTCGAGCGTCGCGTGGAGTC	test_data_1in_1del:81303-81322:+	TCGAGCGTCGCGCTGGAGTC	2	Indel	1	0.0256872916667	[["sub",-20,"C","T"],["ins",-8,"-","C"]]
QUERY:3-22:+	CTCGAGCGTCGCGTGGAGTC	test_data_1in_1del:83629-83648:-	CTCGAGCGCGCGTGGAGTGC	2	Indel	1	0.0029760475	[["del",-12,"T","-"],["ins",-2,"-","G"]]
QUERY:3-22:+	CTCGAGCGTCGCGTGGAGTC	test_data_1in_1del:84828-84847:+	CTCGACGCTCGCGTGGAGTC	3	Mismatch	1	0.0512949253435	[["sub",-15,"G","C"],["sub",-14,"C","G"],["sub",-13,"G","C"]]
QUERY:3-22:+	CTCGAGCGTCGCGTGGAGTC	test_data_1in_1del:89904-89923:-	CTCGAGGTCGCGTTGGAGTC	2	Indel	1	0.0060961675	[["del",-14,"C","-"],["ins",-8,"-","T"]]
QUERY:3-22:+	CTCGAGCGTCGCGTGGAGTC	test_data_1in_1del:98029-98048:-	TCGAGCGTCGCGGTGGAGTC	2	Indel	2	0.0296954166667	[["sub",-20,"C","T"],["ins",-9,"-","G"]]
QUERY:3-22:+	CTCGAGCGTCGCGTGGAGTC	test_data_1in_1del:99079-99098:-	CTCGAGCGTCCGCGTGAGTC	2	Indel	1	0.0035776375	[["ins",-12,"-","C"],["del",-6,"G","-"]]
QUERY:3-22:+	CTCGAGCGTCGCGTGGAGTC	test_data_1in_1sub:104898-104917:-	TCGAATCGTCGCGTGGAGTC	2	Indel	1	0.0640454166667	[["ins",-16,"-","A"],["sub",-15,"G","T"]]
QUERY:3-22:+	CTCGAGCGTCGCGTGGAGTC	test_data_1in_1sub:106649-106668:+	TCATAGCGTCGCGTGGAGTC	2	Indel	1	0.0921757008333	[["ins",-18,"-","A"],["sub",-17,"G","T"]]
QUERY:3-22:+	CTCGAGCGTCGCGTGGAGTC	test_data_1in_1sub:107050-107069:+	TCGAGCCTCGCGTGTGAGTC	2	Indel	1	0.0124160833333	[["sub",-13,"G","C"],["ins",-6,"-","T"]]
QUERY:3-22:+	CTCGAGCGTCGCGTGGAGTC	test_data_1in_1sub:114176-114195:+	TCGAGCGCTGGCGTGGAGTC	2	Indel	1	0.028967	[["ins",-13,"-","C"],["sub",-11,"C","G"]]
QUERY:3-22:+	CTCGAGCGTCGCGTGGAGTC	test_data_1in_1sub:115177-115196:+	CCGAGCGTCGGCGTGGAGTC	2	Indel	1	0.0373406666667	[["sub",-19,"T","C"],["ins",-11,"-","G"]]
QUERY:3-22:+	CTCGAGCGTCGCGTGGAGTC	test_data_1in_1sub:116978-116997:+	TCGACCGTCGCGTGGACGTC	2	Indel	1	0.0120076666667	[["sub",-15,"G","C"],["ins",-4,"-","C"]]
QUERY:3-22:+	CTCGAGCGTCGCGTGGAGTC	test_data_1in_1sub:117679-117698:-	TGGAGCGTCGCGTGGGAGTC	2	Indel	2	0.0196568666667	[["sub",-18,"C","G"],["ins",-7,"-","G"]]
QUERY:3-22:+	CTCGAGCGTCGCGTGGAGTC	test_data_1in_1sub:11782-11801:+	TCGAGCGTCGCGTAGGAGTC	2	Indel	1	0.022385	[["sub",-20,"C","G"],["ins",-7,"-","A"]]
QUERY:3-22:+	CTCGAGCGTCGCGTGGAGTC	test_data_1in_1sub:118730-118749:+	GCAGAGCGTCGCGTGGAGTC	3	Mismatch	1	0.139526309486	[["sub",-20,"C","G"],["sub",-19,"T","C"],["sub",-18,"C","A"]]
QUERY:3-22:+	CTCGAGCGTCGCGTGGAGTC	test_data_1in_1sub:12383-12402:-	CCGAGCGTCGCAGTGGAGTC	2	Indel	1	0.0278400666667	[["sub",-19,"T","C"],["ins",-9,"-","A"]]
QUERY:3-22:+	CTCGAGCGTCGCGTGGAGTC	test_data_1in_1sub:126031-126050:+	TCGAGCGTCGCGTGGAGTAC	2	Indel	1	0.0164610416667	[["sub",-20,"C","A"],["ins",-2,"-","A"]]
QUERY:3-22:+	CTCGAGCGTCGCGTGGAGTC	test_data_1in_1sub:126207-126226:-	TCGAGCGTCGGCGTGGACTC	2	Indel	1	0.0142375555556	[["ins",-11,"-","G"],["sub",-3,"G","C"]]
QUERY:3-22:+	CTCGAGCGTCGCGTGGAGTC	test_data_1in_1sub:127958-127977:-	TCGAGCGTCGCGCTGGAGTT	2	Indel	1	0.00874641666667	[["ins",-8,"-","C"],["sub",-1,"C","T"]]
QUERY:3-22:+	CTCGAGCGTCGCGTGGAGTC	test_data_1in_1sub:128359-128378:-	TCGAGCGTCGCCGTGCAGTC	2	Indel	1	0.01330875	[["ins",-10,"-","C"],["sub",-5,"G","C"]]
QUERY:3-22:+	CTCGAGCGTCGCGTGGAGTC	test_data_1in_1sub:130110-130129:-	TTCGAGCGTCGCGGGGAGTC	2	Mismatch	1	0.1089	[["sub",-20,"C","T"],["sub",-7,"T","G"]]
QUERY:3-22:+	CTCGAGCGTCGCGTGGAGTC	test_data_1in_1sub:130186-130205:+	GTCGAGCGTCGCGTGGAGTT	2	Mismatch	1	0.0865486111111	[["sub",-20,"C","G"],["sub",-1,"C","T"]]
QUERY:3-22:+	CTCGAGCGTCGCGTGGAGTC	test_data_1in_1sub:130412-130431:+	TCGAGCTTCGCGATGGAGTC	2	Indel	1	0.0161171833333	[["sub",-13,"G","T"],["ins",-8,"-","A"]]
QUERY:3-22:+	CTCGAGCGTCGCGTGGAGTC	test_data_1in_1sub:131563-131582:-	CCCGAGCGTCGCGTGGAGTC	1	Mismatch	1	0.8508	[["sub",-19,"T","C"]]
QUERY:3-22:+	CTCGAGCGTCGCGTGGAGTC	test_data_1in_1sub:132439-132458:-	TCGTAGTGTCGCGTGGAGTC	2	Indel	1	0.05852665	[["ins",-17,"-","T"],["sub",-14,"C","T"]]
QUERY:3-22:+	CTCGAGCGTCGCGTGGAGTC	test_data_1in_1sub:13434-13453:-	TCGAGCGTTCGCGTGCAGTC	2	Indel	1	0.0204165	[["ins",-13,"-","T"],["sub",-5,"G","C"]]
QUERY:3-22:+	CTCGAGCGTCGCGTGGAGTC	test_data_1in_1sub:136765-136784:-	TCGAGACGTCGCGCGGAGTC	2	Indel	1	0.029376	[["ins",-15,"-","A"],["sub",-7,"T","C"]]
QUERY:3-22:+	CTCGAGCGTCGCGTGGAGTC	test_data_1in_1sub:137691-137710:+	TCGAGCCTCGCGTGGAGGTC	2	Indel	1	0.01048645	[["sub",-13,"G","C"],["ins",-4,"-","G"]]
QUERY:3-22:+	CTCGAGCGTCGCGTGGAGTC	test_data_1in_1sub:13960-13979:+	TCGAGCGTCGCGTCTGAGTC	2	Indel	1	0.0104531166667	[["ins",-7,"-","C"],["sub",-6,"G","T"]]
QUERY:3-22:+	CTCGAGCGTCGCGTGGAGTC	test_data_1in_1sub:140217-140236:+	TCGAGCGTCGCGTGGAGATC	2	Indel	1	0.0162341666667	[["sub",-20,"C","T"],["ins",-3,"-","A"]]
QUERY:3-22:+	CTCGAGCGTCGCGTGGAGTC	test_data_1in_1sub:141343-141362:+	TCGATCGTCCGCGTGGAGTC	2	Indel	1	0.0330165555556	[["sub",-15,"G","T"],["ins",-12,"-","C"]]
QUERY:3-22:+	CTCGAGCGTCGCGTGGAGTC	test_data_1in_1sub:146894-146913:+	TCGAGCGCCCGCGTGGAGTC	2	Indel	1	0.0356064341667	[["ins",-13,"-","C"],["sub",-12,"T","C"]]
QUERY:3-22:+	CTCGAGCGTCGCGTGGAGTC	test_data_1in_1sub:147520-147539:-	TCGAGCGTCGCGTGTGAGCC	2	Indel	1	0.00687529166667	[["ins",-6,"-","T"],["sub",-2,"T","C"]]
QUERY:3-22:+	CTCGAGCGTCGCGTGGAGTC	test_data_1in_1sub:151621-151640:+	TCTGAGCGTCGCGTGGATTC	2	Indel	2	0.0348639888889	[["del",-18,"C","-"],["sub",-3,"G","T"]]
QUERY:3-22:+	CTCGAGCGTCGCGTGGAGTC	test_data_1in_1sub:154922-154941:+	TTGAGCGTCGCGTGCGAGTC	2	Indel	1	0.0173768472222	[["sub",-18,"C","T"],["ins",-6,"-","C"]]
QUERY:3-22:+	CTCGAGCGTCGCGTGGAGTC	test_data_1in_1sub:156898-156917:+	CTCGAGCGTCGAGTGGAGTC	1	Mismatch	1	0.4378	[["sub",-9,"C","A"]]
QUERY:3-22:+	CTCGAGCGTCGCGTGGAGTC	test_data_1in_1sub:165524-165543:-	TCGAGCGTCGGGTGGAGTTC	2	Indel	1	0.00794120555556	[["sub",-9,"C","G"],["ins",-2,"-","T"]]
QUERY:3-22:+	CTCGAGCGTCGCGTGGAGTC	test_data_1in_1sub:16586-16605:-	ATCGAGCGTCGCGCGGAGTC	2	Mismatch	1	0.1089	[["sub",-20,"C","A"],["sub",-7,"T","C"]]
QUERY:3-22:+	CTCGAGCGTCGCGTGGAGTC	test_data_1in_1sub:165925-165944:+	TCGAGCGATCGCGTGGTGTC	2	Indel	1	0.01956145	[["ins",-13,"-","A"],["sub",-4,"A","T"]]
QUERY:3-22:+	CTCGAGCGTCGCGTGGAGTC	test_data_1in_1sub:167876-167895:-	TCGAGCGGCGCTGTGGAGTC	2	Indel	1	0.0174180388889	[["sub",-12,"T","G"],["ins",-9,"-","T"]]
QUERY:3-22:+	CTCGAGCGTCGCGTGGAGTC	test_data_1in_1sub:168177-168196:+	ACGAGCGTCGCGTGGTAGTC	2	Indel	1	0.0167796666667	[["sub",-19,"T","A"],["ins",-5,"-","T"]]
QUERY:3-22:+	CTCGAGCGTCGCGTGGAGTC	test_data_1in_1sub:169153-169172:+	TCGATGCCTCGCGTGGAGTC	2	Indel	1	0.04863625	[["ins",-16,"-","T"],["sub",-13,"G","C"]]
QUERY:3-22:+	CTCGAGCGTCGCGTGGAGTC	test_data_1in_1sub:172479-172498:-	TCGAGCGTCGGCGTGGAGTG	2	Indel	1	0.0135616666667	[["ins",-11,"-","G"],["sub",-1,"C","G"]]
QUERY:3-22:+	CTCGAGCGTCGCGTGGAGTC	test_data_1in_1sub:173155-173174:-	TCGAGGCGTCGCGTGGAGTC	2	Indel	1	0.077515625	[["sub",-20,"C","T"],["ins",-16,"-","G"]]
QUERY:3-22:+	CTCGAGCGTCGCGTGGAGTC	test_data_1in_1sub:173906-173925:-	TCGAGCGTCCGCGTGGAGTC	2	Indel	2	0.0459547916667	[["sub",-20,"C","T"],["ins",-12,"-","C"]]
QUERY:3-22:+	CTCGAGCGTCGCGTGGAGTC	test_data_1in_1sub:176432-176451:+	TCGAGGCGTCGGGTGGAGTC	2	Indel	1	0.0373954166667	[["ins",-16,"-","G"],["sub",-9,"C","G"]]
QUERY:3-22:+	CTCGAGCGTCGCGTGGAGTC	test_data_1in_1sub:180033-180052:+	GTCGAGCGTCGCGTGGAGTG	2	Mismatch	1	0.0865486111111	[["sub",-20,"C","G"],["sub",-1,"C","G"]]
QUERY:3-22:+	CTCGAGCGTCGCGTGGAGTC	test_data_1in_1sub:182084-182103:-	TCGAGCGTCGCGTGGATGTC	2	Indel	1	0.016713125	[["sub",-20,"C","G"],["ins",-4,"-","T"]]
QUERY:3-22:+	CTCGAGCGTCGCGTGGAGTC	test_data_1in_1sub:183485-183504:-	TCGAGCGTCGCGTGTGGGTC	2	Indel	1	0.00733320833333	[["ins",-6,"-","T"],["sub",-4,"A","G"]]
QUERY:3-22:+	CTCGAGCGTCGCGTGGAGTC	test_data_1in_1sub:184311-184330:-	TCGAGACGTCGCGAGGAGTC	2	Indel	1	0.029376	[["ins",-15,"-","A"],["sub",-7,"T","A"]]
QUERY:3-22:+	CTCGAGCGTCGCGTGGAGTC	test_data_1in_1sub:185912-185931:-	TTCGAGCGTCGCGTCGAGTC	2	Mismatch	1	0.10321412037	[["sub",-20,"C","T"],["sub",-6,"G","C"]]
QUERY:3-22:+	CTCGAGCGTCGCGTGGAGTC	test_data_1in_1sub:186288-186307:+	TCGAGCGTCGTCGTGGAATC	2	Indel	1	0.0123001666667	[["ins",-10,"-","T"],["sub",-3,"G","A"]]
QUERY:3-22:+	CTCGAGCGTCGCGTGGAGTC	test_data_1in_1sub:188714-188733:-	TCGAGCTGTCGCGTGTAGTC	2	Indel	1	0.02333175	[["ins",-14,"-","T"],["sub",-5,"G","T"]]
QUERY:3-22:+	CTCGAGCGTCGCGTGGAGTC	test_data_1in_1sub:190690-190709:+	TCGAGGGTCCGCGTGGAGTC	2	Indel	1	0.030854275	[["sub",-14,"C","G"],["ins",-12,"-","C"]]
QUERY:3-22:+	CTCGAGCGTCGCGTGGAGTC	test_data_1in_1sub:194366-194385:+	TCGATCGTCGCGTGGTAGTC	2	Indel	1	0.0128588888889	[["sub",-15,"G","T"],["ins",-5,"-","T"]]
QUERY:3-22:+	CTCGAGCGTCGCGTGGAGTC	test_data_1in_1sub:197467-197486:+	TGCGATCGTCGCGTGGAGTC	3	Mismatch	1	0.0992663459877	[["sub",-20,"C","T"],["sub",-19,"T","G"],["sub",-15,"G","T"]]
QUERY:3-22:+	CTCGAGCGTCGCGTGGAGTC	test_data_1in_1sub:198318-198337:+	CTCGAGCGTCGCGTGGAGCC	1	Mismatch	1	0.3153	[["sub",-2,"T","C"]]
QUERY:3-22:+	CTCGAGCGTCGCGTGGAGTC	test_data_1in_1sub:198319-198338:+	TCGAGCGTCGCGTGGAGCCC	2	Indel	1	0.0069497375	[["sub",-2,"T","C"],["ins",-1,"-","C"]]
QUERY:3-22:+	CTCGAGCGTCGCGTGGAGTC	test_data_1in_1sub:200793-200812:-	TCGAGCGACGCGTGGAGTCC	2	Indel	1	0.0102024166667	[["sub",-12,"T","A"],["ins",-1,"-","C"]]
QUERY:3-22:+	CTCGAGCGTCGCGTGGAGTC	test_data_1in_1sub:200794-200813:-	CTCGAGCGACGCGTGGAGTC	1	Mismatch	1	0.5323	[["sub",-12,"T","A"]]
QUERY:3-22:+	CTCGAGCGTCGCGTGGAGTC	test_data_1in_1sub:20211-20230:-	CCGAGCGTCGCGTGGAGTCC	2	Indel	1	0.0074313	[["del",-19,"T","-"],["ins",-1,"-","C"]]
QUERY:3-22:+	CTCGAGCGTCGCGTGGAGTC	test_data_1in_1sub:20212-20231:-	TCCGAGCGTCGCGTGGAGTC	1	Indel	2	0.4308	[["del",-19,"T","-"]]
QUERY:3-22:+	CTCGAGCGTCGCGTGGAGTC	test_data_1in_1sub:206695-206714:-	TCGAGCGTCCGAGTGGAGTC	2	Indel	1	0.0221697055556	[["ins",-12,"-","C"],["sub",-9,"C","A"]]
QUERY:3-22:+	CTCGAGCGTCGCGTGGAGTC	test_data_1in_1sub:207546-207565:+	TCGCGCGTCCGCGTGGAGTC	2	Indel	1	0.035320625	[["sub",-16,"A","C"],["ins",-12,"-","C"]]
QUERY:3-22:+	CTCGAGCGTCGCGTGGAGTC	test_data_1in_1sub:207897-207916:+	TCGTGCGTCGCGTGGGAGTC	2	Indel	1	0.017205	[["sub",-16,"A","T"],["ins",-7,"-","G"]]
QUERY:3-22:+	CTCGAGCGTCGCGTGGAGTC	test_data_1in_1sub:207948-207967:+	TCGCAGCGTCGCGGGGAGTC	2	Indel	1	0.0373464	[["ins",-17,"-","C"],["sub",-7,"T","G"]]
QUERY:3-22:+	CTCGAGCGTCGCGTGGAGTC	test_data_1in_1sub:209499-209518:-	TCGAGCGTCGCGTGGGAGGC	2	Indel	1	0.0077774	[["ins",-7,"-","G"],["sub",-2,"T","G"]]
QUERY:3-22:+	CTCGAGCGTCGCGTGGAGTC	test_data_1in_1sub:213250-213269:-	ACGAGCGTCGCGTGGGAGTC	2	Indel	1	0.0209864	[["sub",-19,"T","A"],["ins",-7,"-","G"]]
QUERY:3-22:+	CTCGAGCGTCGCGTGGAGTC	test_data_1in_1sub:216676-216695:-	TGGAGCCGTCGCGTGGAGTC	2	Indel	1	0.0602102222222	[["sub",-18,"C","G"],["ins",-15,"-","C"]]
QUERY:3-22:+	CTCGAGCGTCGCGTGGAGTC	test_data_1in_1sub:218677-218696:+	TCGAGCTTCGGCGTGGAGTC	2	Indel	1	0.0249903333333	[["sub",-13,"G","T"],["ins",-11,"-","G"]]
QUERY:3-22:+	CTCGAGCGTCGCGTGGAGTC	test_data_1in_1sub:219103-219122:+	TCGTGCGTTCGCGTGGAGTC	2	Indel	1	0.04057125	[["sub",-16,"A","T"],["ins",-13,"-","T"]]
QUERY:3-22:+	CTCGAGCGTCGCGTGGAGTC	test_data_1in_1sub:220179-220198:-	TCGAGCGTGCGCGCGGAGTC	2	Indel	1	0.0196884	[["ins",-12,"-","G"],["sub",-7,"T","C"]]
QUERY:3-22:+	CTCGAGCGTCGCGTGGAGTC	test_data_1in_1sub:223430-223449:+	TCTGAGCATCGCGTGGAGTC	2	Indel	1	0.0611946833333	[["del",-18,"C","-"],["sub",-13,"G","A"]]
QUERY:3-22:+	CTCGAGCGTCGCGTGGAGTC	test_data_1in_1sub:231081-231100:-	CTCGAGCGTCGCGTGGAATC	1	Mismatch	2	0.3244	[["sub",-3,"G","A"]]
QUERY:3-22:+	CTCGAGCGTCGCGTGGAGTC	test_data_1in_1sub:232707-232726:+	TCGAGCCGTCACGTGGAGTC	2	Indel	1	0.0352466666667	[["ins",-15,"-","C"],["sub",-10,"G","A"]]
QUERY:3-22:+	CTCGAGCGTCGCGTGGAGTC	test_data_1in_1sub:234158-234177:+	TCGAAGCGTCTCGTGGAGTC	2	Indel	1	0.0448099166667	[["ins",-17,"-","A"],["sub",-10,"G","T"]]
QUERY:3-22:+	CTCGAGCGTCGCGTGGAGTC	test_data_1in_1sub:234759-234778:+	TCCGAGCATCGCGTGGAGTC	3	Mismatch	1	0.0866905788426	[["sub",-20,"C","T"],["sub",-19,"T","C"],["sub",-13,"G","A"]]
QUERY:3-22:+	CTCGAGCGTCGCGTGGAGTC	test_data_1in_1sub:237059-237078:-	TCGACCGTCGCGTGGAGTCC	2	Indel	1	0.0124966666667	[["sub",-15,"G","C"],["ins",-1,"-","C"]]
QUERY:3-22:+	CTCGAGCGTCGCGTGGAGTC	test_data_1in_1sub:237060-237079:-	CTCGACCGTCGCGTGGAGTC	1	Mismatch	1	0.652	[["sub",-15,"G","C"]]
QUERY:3-22:+	CTCGAGCGTCGCGTGGAGTC	test_data_1in_1sub:237961-237980:-	TCGATCGTCGCGTGGAGCTC	2	Indel	1	0.0116635555556	[["sub",-15,"G","T"],["ins",-3,"-","C"]]
QUERY:3-22:+	CTCGAGCGTCGCGTGGAGTC	test_data_1in_1sub:247437-247456:-	TCGAGCGTCGCGGGGAGTTC	2	Indel	1	0.0070524	[["sub",-7,"T","G"],["ins",-2,"-","T"]]
QUERY:3-22:+	CTCGAGCGTCGCGTGGAGTC	test_data_1in_1sub:27513-27532:+	TCGAGCGTCGCGTAGAAGTC	2	Indel	1	0.008658	[["ins",-7,"-","A"],["sub",-5,"G","A"]]
QUERY:3-22:+	CTCGAGCGTCGCGTGGAGTC	test_data_1in_1sub:28564-28583:-	TCGAACGTTCGCGTGGAGTC	2	Indel	1	0.0379246666667	[["sub",-15,"G","A"],["ins",-13,"-","T"]]
QUERY:3-22:+	CTCGAGCGTCGCGTGGAGTC	test_data_1in_1sub:32415-32434:+	TCGAGTGTCAGCGTGGAGTC	2	Indel	1	0.0267415	[["sub",-14,"C","T"],["ins",-11,"-","A"]]
QUERY:3-22:+	CTCGAGCGTCGCGTGGAGTC	test_data_1in_1sub:34966-34985:-	TACGAGTGTCGCGTGGAGTC	3	Mismatch	1	0.0927653138194	[["sub",-20,"C","T"],["sub",-19,"T","A"],["sub",-14,"C","T"]]
QUERY:3-22:+	CTCGAGCGTCGCGTGGAGTC	test_data_1in_1sub:37792-37811:-	TCGTAGCGTCGCGTGGAGTC	1	Indel	1	0.3458	[["ins",-17,"-","T"]]
QUERY:3-22:+	CTCGAGCGTCGCGTGGAGTC	test_data_1in_1sub:38443-38462:-	TCGAGCGTCGCGTGGCAGTG	2	Indel	1	0.00609416666667	[["ins",-5,"-","C"],["sub",-1,"C","G"]]
QUERY:3-22:+	CTCGAGCGTCGCGTGGAGTC	test_data_1in_1sub:43994-44013:-	TCTAGCGTCGCGTGTGAGTC	2	Indel	1	0.0162625833333	[["sub",-17,"G","T"],["ins",-6,"-","T"]]
QUERY:3-22:+	CTCGAGCGTCGCGTGGAGTC	test_data_1in_1sub:46620-46639:+	TGGAGCGTCGCGTGGGAGTC	2	Indel	2	0.0196568666667	[["sub",-18,"C","G"],["ins",-7,"-","G"]]
QUERY:3-22:+	CTCGAGCGTCGCGTGGAGTC	test_data_1in_1sub:48021-48040:-	TCGAGCGTAGCGTGGAAGTC	2	Indel	1	0.00982166666667	[["sub",-11,"C","A"],["ins",-5,"-","A"]]
QUERY:3-22:+	CTCGAGCGTCGCGTGGAGTC	test_data_1in_1sub:48147-48166:-	CCGAGCCGTCGCGTGGAGTC	2	Indel	2	0.0642826666667	[["sub",-19,"T","C"],["ins",-15,"-","C"]]
QUERY:3-22:+	CTCGAGCGTCGCGTGGAGTC	test_data_1in_1sub:49598-49617:-	TCGGAGCGTTGCGTGGAGTC	2	Indel	1	0.0535211666667	[["ins",-18,"-","G"],["sub",-11,"C","T"]]
QUERY:3-22:+	CTCGAGCGTCGCGTGGAGTC	test_data_1in_1sub:52074-52093:-	TCGAGCGTCGCGCGGGAGTC	2	Indel	1	0.01265598	[["ins",-8,"-","C"],["sub",-7,"T","G"]]
QUERY:3-22:+	CTCGAGCGTCGCGTGGAGTC	test_data_1in_1sub:529-548:+	TCGAGCGTCGCCATGGAGTC	2	Indel	1	0.015617875	[["ins",-10,"-","C"],["sub",-8,"G","A"]]
QUERY:3-22:+	CTCGAGCGTCGCGTGGAGTC	test_data_1in_1sub:53400-53419:+	TTCGAGCGTCACGTGGAGTC	2	Mismatch	1	0.130663194444	[["sub",-20,"C","T"],["sub",-10,"G","A"]]
QUERY:3-22:+	CTCGAGCGTCGCGTGGAGTC	test_data_1in_1sub:54126-54145:-	TTGAGCGTTCGCGTGGAGTC	2	Indel	1	0.0463530166667	[["sub",-18,"C","T"],["ins",-13,"-","T"]]
QUERY:3-22:+	CTCGAGCGTCGCGTGGAGTC	test_data_1in_1sub:55002-55021:+	TCGAGCGGTCGCGTGTAGTC	2	Indel	1	0.02333175	[["ins",-14,"-","G"],["sub",-5,"G","T"]]
QUERY:3-22:+	CTCGAGCGTCGCGTGGAGTC	test_data_1in_1sub:5680-5699:-	CTCGAGCGCCGCGTGGAGTC	1	Mismatch	1	0.5323	[["sub",-12,"T","C"]]
QUERY:3-22:+	CTCGAGCGTCGCGTGGAGTC	test_data_1in_1sub:63128-63147:+	TCGAGCGTACGCGTGGAGTC	2	Indel	1	0.0459547916667	[["sub",-20,"C","T"],["ins",-12,"-","A"]]
QUERY:3-22:+	CTCGAGCGTCGCGTGGAGTC	test_data_1in_1sub:63529-63548:+	TCGCGCGTCGCGTGGACGTC	2	Indel	1	0.012845625	[["sub",-16,"A","C"],["ins",-4,"-","C"]]
QUERY:3-22:+	CTCGAGCGTCGCGTGGAGTC	test_data_1in_1sub:64430-64449:+	TCGAGCGTCGCGCTGGGGTC	2	Indel	1	0.00951915833333	[["ins",-8,"-","C"],["sub",-4,"A","G"]]
QUERY:3-22:+	CTCGAGCGTCGCGTGGAGTC	test_data_1in_1sub:65406-65425:+	TCGAGCGTCGCTTGGGAGTC	2	Indel	1	0.01168423	[["sub",-8,"G","T"],["ins",-7,"-","G"]]
QUERY:3-22:+	CTCGAGCGTCGCGTGGAGTC	test_data_1in_1sub:6656-6675:-	TCGAGCGTCTGCGTGGAGGC	2	Indel	1	0.0138381666667	[["ins",-11,"-","T"],["sub",-2,"T","G"]]
QUERY:3-22:+	CTCGAGCGTCGCGTGGAGTC	test_data_1in_1sub:66882-66901:-	TCGAGCGTCGCCTGGAGGTC	2	Indel	1	0.007585825	[["sub",-8,"G","C"],["ins",-4,"-","G"]]
QUERY:3-22:+	CTCGAGCGTCGCGTGGAGTC	test_data_1in_1sub:67108-67127:-	TCGAGCGGCGCCGTGGAGTC	2	Indel	1	0.0201830416667	[["sub",-12,"T","G"],["ins",-10,"-","C"]]
QUERY:3-22:+	CTCGAGCGTCGCGTGGAGTC	test_data_1in_1sub:68459-68478:-	TCGAGCGTCGGGTGGACGTC	2	Indel	1	0.00806281666667	[["sub",-9,"C","G"],["ins",-4,"-","C"]]
QUERY:3-22:+	CTCGAGCGTCGCGTGGAGTC	test_data_1in_1sub:69810-69829:-	TCGGGACGTCGCGTGGAGTC	2	Indel	1	0.060605	[["sub",-16,"A","G"],["ins",-15,"-","A"]]
QUERY:3-22:+	CTCGAGCGTCGCGTGGAGTC	test_data_1in_1sub:71661-71680:-	TCGAGCGTAGCGTGCGAGTC	2	Indel	1	0.0108591666667	[["sub",-11,"C","A"],["ins",-6,"-","C"]]
QUERY:3-22:+	CTCGAGCGTCGCGTGGAGTC	test_data_1in_1sub:73037-73056:-	TCGACGCGTCGCGCGGAGTC	2	Indel	1	0.03321	[["ins",-16,"-","C"],["sub",-7,"T","C"]]
QUERY:3-22:+	CTCGAGCGTCGCGTGGAGTC	test_data_1in_1sub:74238-74257:-	TCTGAGCGTCGCGTGGATTC	2	Indel	2	0.0348639888889	[["del",-18,"C","-"],["sub",-3,"G","T"]]
QUERY:3-22:+	CTCGAGCGTCGCGTGGAGTC	test_data_1in_1sub:74539-74558:-	TCAAGCGTCGCGTGGGAGTC	2	Indel	1	0.0183964	[["sub",-17,"G","A"],["ins",-7,"-","G"]]
QUERY:3-22:+	CTCGAGCGTCGCGTGGAGTC	test_data_1in_1sub:76240-76259:+	GCGAGCGATCGCGTGGAGTC	2	Indel	1	0.0494882	[["sub",-19,"T","G"],["ins",-13,"-","A"]]
QUERY:3-22:+	CTCGAGCGTCGCGTGGAGTC	test_data_1in_1sub:77066-77085:-	TCGAGCGTCTGGGTGGAGTC	2	Indel	1	0.0192145555556	[["ins",-11,"-","T"],["sub",-9,"C","G"]]
QUERY:3-22:+	CTCGAGCGTCGCGTGGAGTC	test_data_1in_1sub:78167-78186:-	TCGAGCGTCGCGGGGGAGTC	2	Indel	1	0.0127224	[["ins",-9,"-","G"],["sub",-7,"T","G"]]
QUERY:3-22:+	CTCGAGCGTCGCGTGGAGTC	test_data_1in_1sub:78693-78712:+	CTCGAGCGTCGGGTGGAGTC	1	Mismatch	2	0.4378	[["sub",-9,"C","G"]]
QUERY:3-22:+	CTCGAGCGTCGCGTGGAGTC	test_data_1in_1sub:78694-78713:+	TCGAGCGTCGGGTGGAGTCC	2	Indel	2	0.00839116666667	[["sub",-9,"C","G"],["ins",-1,"-","C"]]
QUERY:3-22:+	CTCGAGCGTCGCGTGGAGTC	test_data_1in_1sub:81844-81863:-	TCGAGCGTCGGCGTGGAGTA	2	Indel	1	0.0135616666667	[["ins",-11,"-","G"],["sub",-1,"C","A"]]
QUERY:3-22:+	CTCGAGCGTCGCGTGGAGTC	test_data_1in_1sub:84645-84664:-	TCGAGCGTCGCGTCGACGTC	2	Indel	1	0.00678654166667	[["sub",-6,"G","C"],["ins",-4,"-","C"]]
QUERY:3-22:+	CTCGAGCGTCGCGTGGAGTC	test_data_1in_1sub:94196-94215:-	TCGAGCGTTGCGTGGAGGTC	2	Indel	1	0.0091715	[["sub",-11,"C","T"],["ins",-4,"-","G"]]
QUERY:3-22:+	CTCGAGCGTCGCGTGGAGTC	test_data_1in_1sub:94972-94991:-	TTCCAGCGTCGCGTGGAGTC	2	Mismatch	1	0.208893055556	[["sub",-20,"C","T"],["sub",-17,"G","C"]]
QUERY:3-22:+	CTCGAGCGTCGCGTGGAGTC	test_data_2in:106370-106389:+	TCGAGCTGTCGCGTGGAGTC	1	Indel	1	0.2393	[["ins",-14,"-","T"]]
QUERY:3-22:+	CTCGAGCGTCGCGTGGAGTC	test_data_2in:110522-110541:+	CGAGCGGTCGCGGTGGAGTC	2	Indel	1	0.007047385	[["ins",-14,"-","G"],["ins",-9,"-","G"]]
QUERY:3-22:+	CTCGAGCGTCGCGTGGAGTC	test_data_2in:113698-113717:-	CGAGCGTCGCGTGGAGTGTC	2	Indel	1	0.0010989225	[["ins",-4,"-","G"],["ins",-4,"-","T"]]
QUERY:3-22:+	CTCGAGCGTCGCGTGGAGTC	test_data_2in:117100-117119:-	CGAGCGTCCGCGTGGAGTCC	2	Indel	1	0.003144675	[["ins",-12,"-","C"],["ins",-1,"-","C"]]
QUERY:3-22:+	CTCGAGCGTCGCGTGGAGTC	test_data_2in:119677-119696:-	CGACGCGTCGCGTGGAGGTC	2	Indel	1	0.0050968125	[["ins",-16,"-","C"],["ins",-4,"-","G"]]
QUERY:3-22:+	CTCGAGCGTCGCGTGGAGTC	test_data_2in:126880-126899:+	TCGAGCGTCGCTGTGGAGTC	1	Indel	1	0.1178	[["ins",-9,"-","T"]]
QUERY:3-22:+	CTCGAGCGTCGCGTGGAGTC	test_data_2in:127081-127100:-	CGAGCCGTCGCGTGGACGTC	2	Indel	1	0.0045084	[["ins",-15,"-","C"],["ins",-4,"-","C"]]
QUERY:3-22:+	CTCGAGCGTCGCGTGGAGTC	test_data_2in:127459-127478:+	CGAGCGGTCGCGTGGAGGTC	2	Indel	1	0.0039663975	[["ins",-14,"-","G"],["ins",-4,"-","G"]]
QUERY:3-22:+	CTCGAGCGTCGCGTGGAGTC	test_data_2in:128911-128930:+	CGAGCGTCGCGTGTGGAGTC	2	Indel	1	0.00346921	[["ins",-9,"-","G"],["ins",-9,"-","T"]]
QUERY:3-22:+	CTCGAGCGTCGCGTGGAGTC	test_data_2in:131812-131831:-	CGAGGCGTCGCGTGTGAGTC	2	Indel	1	0.0060346875	[["ins",-16,"-","G"],["ins",-6,"-","T"]]
QUERY:3-22:+	CTCGAGCGTCGCGTGGAGTC	test_data_2in:133240-133259:+	CGAGCGTCGCAGTGGTAGTC	2	Indel	1	0.00209095	[["ins",-9,"-","A"],["ins",-5,"-","T"]]
QUERY:3-22:+	CTCGAGCGTCGCGTGGAGTC	test_data_2in:134116-134135:-	CGAGCGTGCGCGTGGCAGTC	2	Indel	2	0.003235825	[["ins",-12,"-","G"],["ins",-5,"-","C"]]
QUERY:3-22:+	CTCGAGCGTCGCGTGGAGTC	test_data_2in:136044-136063:+	CGAGCCGTTCGCGTGGAGTC	2	Indel	1	0.01440645825	[["ins",-14,"-","C"],["ins",-13,"-","T"]]
QUERY:3-22:+	CTCGAGCGTCGCGTGGAGTC	test_data_2in:136596-136615:+	TCGAGCGTCGCGTCGGAGTC	1	Indel	1	0.0888	[["ins",-7,"-","C"]]
QUERY:3-22:+	CTCGAGCGTCGCGTGGAGTC	test_data_2in:139222-139241:-	TCGAGCGTCGCGTGGGAGTC	2	Indel	4	0.022385	[["sub",-20,"C","A"],["ins",-7,"-","G"]]
QUERY:3-22:+	CTCGAGCGTCGCGTGGAGTC	test_data_2in:143800-143819:+	GCGAGCGTCGCCGTGGAGTC	2	Indel	1	0.01470105	[["ins",-19,"-","G"],["ins",-10,"-","C"]]
QUERY:3-22:+	CTCGAGCGTCGCGTGGAGTC	test_data_2in:145452-145471:+	ACGAGGCGTCGCGTGGAGTC	2	Indel	1	0.03311775	[["ins",-19,"-","A"],["ins",-16,"-","G"]]
QUERY:3-22:+	CTCGAGCGTCGCGTGGAGTC	test_data_2in:145778-145797:-	CGAGCGTCGCGATGGGAGTC	2	Indel	1	0.002601507	[["ins",-8,"-","A"],["ins",-7,"-","G"]]
QUERY:3-22:+	CTCGAGCGTCGCGTGGAGTC	test_data_2in:1482-1501:+	CCGAGCGTCGCGGTGGAGTC	2	Indel	1	0.01268706	[["del",-19,"T","-"],["ins",-9,"-","G"]]
QUERY:3-22:+	CTCGAGCGTCGCGTGGAGTC	test_data_2in:149430-149449:-	CGAGCTGTCGGCGTGGAGTC	2	Indel	1	0.00945235	[["ins",-14,"-","T"],["ins",-11,"-","G"]]
QUERY:3-22:+	CTCGAGCGTCGCGTGGAGTC	test_data_2in:15039-15058:-	TCGAGCAGTCGCGTGGAGTC	1	Indel	1	0.2393	[["ins",-14,"-","A"]]
QUERY:3-22:+	CTCGAGCGTCGCGTGGAGTC	test_data_2in:152457-152476:-	CCGAGCGTCGCGTGGCAGTC	2	Indel	2	0.0076467	[["del",-19,"T","-"],["ins",-5,"-","C"]]
QUERY:3-22:+	CTCGAGCGTCGCGTGGAGTC	test_data_2in:156610-156629:+	CGAGCGTCGCGTGACGAGTC	2	Indel	1	0.0015405625	[["ins",-6,"-","A"],["ins",-6,"-","C"]]
QUERY:3-22:+	CTCGAGCGTCGCGTGGAGTC	test_data_2in:157786-157805:-	CAGAGCGTCGCGTGGAAGTC	2	Indel	1	0.006867475	[["ins",-18,"-","A"],["ins",-5,"-","A"]]
QUERY:3-22:+	CTCGAGCGTCGCGTGGAGTC	test_data_2in:159763-159782:-	CGCAGCGTCGCGTTGGAGTC	2	Indel	1	0.008809255	[["ins",-17,"-","C"],["ins",-8,"-","T"]]
QUERY:3-22:+	CTCGAGCGTCGCGTGGAGTC	test_data_2in:162316-162335:+	CGAGCGTGCGGCGTGGAGTC	2	Indel	1	0.0082809775	[["ins",-12,"-","G"],["ins",-11,"-","G"]]
QUERY:3-22:+	CTCGAGCGTCGCGTGGAGTC	test_data_2in:162542-162561:-	CGAGGCGTCGCGTGGATGTC	2	Indel	1	0.0050968125	[["ins",-16,"-","G"],["ins",-4,"-","T"]]
QUERY:3-22:+	CTCGAGCGTCGCGTGGAGTC	test_data_2in:164719-164738:-	CAGAGCTGTCGCGTGGAGTC	2	Indel	1	0.0231462925	[["ins",-18,"-","A"],["ins",-14,"-","T"]]
QUERY:3-22:+	CTCGAGCGTCGCGTGGAGTC	test_data_2in:165597-165616:+	CGAGCGTCGTCGTTGGAGTC	2	Indel	1	0.0034773375	[["ins",-10,"-","T"],["ins",-8,"-","T"]]
QUERY:3-22:+	CTCGAGCGTCGCGTGGAGTC	test_data_2in:172249-172268:+	GTCGAGCGTCGCGTGGAGTC	1	Mismatch	1	0.9075	[["sub",-20,"C","G"]]
QUERY:3-22:+	CTCGAGCGTCGCGTGGAGTC	test_data_2in:172250-172269:+	TCGAGCGTCGCGTGGAGTCC	2	Indel	3	0.01739375	[["sub",-20,"C","G"],["ins",-1,"-","C"]]
QUERY:3-22:+	CTCGAGCGTCGCGTGGAGTC	test_data_2in:181275-181294:-	TCGAGCGTCGCGTGGGAGTC	1	Indel	4	0.0888	[["ins",-7,"-","G"]]
QUERY:3-22:+	CTCGAGCGTCGCGTGGAGTC	test_data_2in:182203-182222:+	CGAGCGTCCGCGTGAGAGTC	2	Indel	1	0.0035776375	[["ins",-12,"-","C"],["ins",-6,"-","A"]]
QUERY:3-22:+	CTCGAGCGTCGCGTGGAGTC	test_data_2in:186405-186424:+	CGAGCGTCTGCGCTGGAGTC	2	Indel	1	0.00402505	[["ins",-11,"-","T"],["ins",-8,"-","C"]]
QUERY:3-22:+	CTCGAGCGTCGCGTGGAGTC	test_data_2in:186881-186900:-	CGAGGCGTCGCCGTGGAGTC	2	Indel	2	0.0104934375	[["ins",-16,"-","G"],["ins",-10,"-","C"]]
QUERY:3-22:+	CTCGAGCGTCGCGTGGAGTC	test_data_2in:187733-187752:-	CTGAGCGTCGCGTGGAGTGC	2	Indel	1	0.0063161425	[["del",-18,"C","-"],["ins",-2,"-","G"]]
QUERY:3-22:+	CTCGAGCGTCGCGTGGAGTC	test_data_2in:188261-188280:+	CGAGCGTCTGCCGTGGAGTC	2	Indel	1	0.0062005125	[["ins",-11,"-","T"],["ins",-10,"-","C"]]
QUERY:3-22:+	CTCGAGCGTCGCGTGGAGTC	test_data_2in:190763-190782:+	CGCAGCGTCGCGTGGGAGTC	2	Indel	1	0.00767676	[["ins",-17,"-","C"],["ins",-7,"-","G"]]
QUERY:3-22:+	CTCGAGCGTCGCGTGGAGTC	test_data_2in:194140-194159:+	ACGAGCGTCGCGTGGAAGTC	2	Indel	1	0.0076467	[["ins",-19,"-","A"],["ins",-5,"-","A"]]
QUERY:3-22:+	CTCGAGCGTCGCGTGGAGTC	test_data_2in:195341-195360:-	GCGAGCGTCGCGTGCGAGTC	2	Indel	1	0.00845445	[["ins",-19,"-","G"],["ins",-6,"-","C"]]
QUERY:3-22:+	CTCGAGCGTCGCGTGGAGTC	test_data_2in:196519-196538:+	CGAGCGTCGCGTGGAGGGTC	2	Indel	1	0.0012275445	[["ins",-4,"-","G"],["ins",-3,"-","G"]]
QUERY:3-22:+	CTCGAGCGTCGCGTGGAGTC	test_data_2in:201445-201464:-	CGAGCGTCGCGTGGGAGCTC	2	Indel	1	0.00142968	[["ins",-7,"-","G"],["ins",-3,"-","C"]]
QUERY:3-22:+	CTCGAGCGTCGCGTGGAGTC	test_data_2in:203247-203266:-	CCGAGCCGTCGCGTGGAGTC	2	Indel	2	0.0292944	[["del",-19,"T","-"],["ins",-15,"-","C"]]
QUERY:3-22:+	CTCGAGCGTCGCGTGGAGTC	test_data_2in:204174-204193:-	CGAGCGTCGCCGGTGGAGTC	2	Indel	1	0.00462291375	[["ins",-10,"-","C"],["ins",-9,"-","G"]]
QUERY:3-22:+	CTCGAGCGTCGCGTGGAGTC	test_data_2in:204202-204221:+	CGAGTCGTCGCGTGGCAGTC	2	Indel	1	0.004828	[["ins",-15,"-","T"],["ins",-5,"-","C"]]
QUERY:3-22:+	CTCGAGCGTCGCGTGGAGTC	test_data_2in:205029-205048:+	TCGAGCGTCGCGTGGGAGTC	2	Indel	4	0.022385	[["sub",-20,"C","T"],["ins",-7,"-","G"]]
QUERY:3-22:+	CTCGAGCGTCGCGTGGAGTC	test_data_2in:208905-208924:-	TCGAGCGTCGCGGTGGAGTC	2	Indel	2	0.0296954166667	[["sub",-20,"C","T"],["ins",-9,"-","G"]]
QUERY:3-22:+	CTCGAGCGTCGCGTGGAGTC	test_data_2in:209257-209276:-	CGAGCGTCAGGCGTGGAGTC	2	Indel	1	0.006241	[["ins",-11,"-","A"],["ins",-11,"-","G"]]
QUERY:3-22:+	CTCGAGCGTCGCGTGGAGTC	test_data_2in:210185-210204:+	CGAGCGTCGCGAGTGGAGTC	2	Indel	1	0.00346921	[["ins",-9,"-","G"],["ins",-9,"-","A"]]
QUERY:3-22:+	CTCGAGCGTCGCGTGGAGTC	test_data_2in:215211-215230:-	CGTAGCGTCGCGGTGGAGTC	2	Indel	1	0.01018381	[["ins",-17,"-","T"],["ins",-9,"-","G"]]
QUERY:3-22:+	CTCGAGCGTCGCGTGGAGTC	test_data_2in:21917-21936:+	CGAGCCGTCGCTGTGGAGTC	2	Indel	1	0.0080104	[["ins",-15,"-","C"],["ins",-9,"-","T"]]
QUERY:3-22:+	CTCGAGCGTCGCGTGGAGTC	test_data_2in:219188-219207:-	CGAGCGGTCGCGTGGAGCTC	2	Indel	1	0.00385273	[["ins",-14,"-","G"],["ins",-3,"-","C"]]
QUERY:3-22:+	CTCGAGCGTCGCGTGGAGTC	test_data_2in:219615-219634:-	CTGAGCGTCGCGTTGGAGTC	2	Indel	1	0.0098562775	[["del",-18,"C","-"],["ins",-8,"-","T"]]
QUERY:3-22:+	CTCGAGCGTCGCGTGGAGTC	test_data_2in:220867-220886:-	CGAGCAGTCGCGTGGCAGTC	2	Indel	1	0.004247575	[["ins",-14,"-","A"],["ins",-5,"-","C"]]
QUERY:3-22:+	CTCGAGCGTCGCGTGGAGTC	test_data_2in:222494-222513:-	CGAGCGTTCGCGTAGGAGTC	2	Indel	1	0.00464868	[["ins",-13,"-","T"],["ins",-7,"-","A"]]
QUERY:3-22:+	CTCGAGCGTCGCGTGGAGTC	test_data_2in:222872-222891:+	CGATCGCGTCGCGTGGAGTC	2	Indel	1	0.0236390625	[["ins",-16,"-","T"],["ins",-16,"-","C"]]
QUERY:3-22:+	CTCGAGCGTCGCGTGGAGTC	test_data_2in:223322-223341:-	CGAGCGTTCGCGTGGAGTCC	2	Indel	1	0.00361215	[["ins",-13,"-","T"],["ins",-1,"-","C"]]
QUERY:3-22:+	CTCGAGCGTCGCGTGGAGTC	test_data_2in:223323-223342:-	TCGAGCGTTCGCGTGGAGTC	1	Indel	3	0.2094	[["ins",-13,"-","T"]]
QUERY:3-22:+	CTCGAGCGTCGCGTGGAGTC	test_data_2in:223750-223769:-	CCGAGCGTCGCGTGGCAGTC	2	Indel	2	0.0076467	[["del",-19,"T","-"],["ins",-5,"-","C"]]
QUERY:3-22:+	CTCGAGCGTCGCGTGGAGTC	test_data_2in:223952-223971:-	CGAGGCGGTCGCGTGGAGTC	2	Indel	1	0.01871326	[["ins",-15,"-","G"],["ins",-14,"-","G"]]
QUERY:3-22:+	CTCGAGCGTCGCGTGGAGTC	test_data_2in:226679-226698:-	ACGAGCGTCGCTGTGGAGTC	2	Indel	1	0.01268706	[["ins",-19,"-","A"],["ins",-9,"-","T"]]
QUERY:3-22:+	CTCGAGCGTCGCGTGGAGTC	test_data_2in:226906-226925:-	CGAGCGTCTGGCGTGGAGTC	2	Indel	1	0.006241	[["ins",-11,"-","T"],["ins",-11,"-","G"]]
QUERY:3-22:+	CTCGAGCGTCGCGTGGAGTC	test_data_2in:229-248:-	CCGAGCGTACGCGTGGAGTC	2	Indel	1	0.01963371	[["del",-19,"T","-"],["ins",-12,"-","A"]]
QUERY:3-22:+	CTCGAGCGTCGCGTGGAGTC	test_data_2in:231108-231127:-	TCCGAGCGTCGCGTGGAGTC	1	Indel	2	0.4308	[["del",-19,"T","-"]]
QUERY:3-22:+	CTCGAGCGTCGCGTGGAGTC	test_data_2in:231535-231554:-	CGAGCGTCGACGGTGGAGTC	2	Indel	1	0.00462291375	[["ins",-10,"-","A"],["ins",-9,"-","G"]]
QUERY:3-22:+	CTCGAGCGTCGCGTGGAGTC	test_data_2in:235888-235907:+	TCGAGTCGTCGCGTGGAGTC	2	Indel	1	0.0685666666667	[["sub",-20,"C","T"],["ins",-15,"-","T"]]
QUERY:3-22:+	CTCGAGCGTCGCGTGGAGTC	test_data_2in:238240-238259:+	CGAGCGTCGCAGCTGGAGTC	2	Indel	1	0.00345109825	[["ins",-9,"-","A"],["ins",-8,"-","C"]]
QUERY:3-22:+	CTCGAGCGTCGCGTGGAGTC	test_data_2in:238342-238361:+	CTGAGCGTCGCGTGGAGGTC	2	Indel	1	0.0064128675	[["del",-18,"C","-"],["ins",-4,"-","G"]]
QUERY:3-22:+	CTCGAGCGTCGCGTGGAGTC	test_data_2in:239293-239312:-	CGAGACGTCGGCGTGGAGTC	2	Indel	1	0.010744	[["ins",-15,"-","A"],["ins",-11,"-","G"]]
QUERY:3-22:+	CTCGAGCGTCGCGTGGAGTC	test_data_2in:24019-24038:+	CGAGCGTCGACGTGGAGATC	2	Indel	1	0.00219765	[["ins",-10,"-","A"],["ins",-3,"-","A"]]
QUERY:3-22:+	CTCGAGCGTCGCGTGGAGTC	test_data_2in:240694-240713:-	TCGAGCGTCGCGTGGAGTCC	2	Indel	3	0.01739375	[["sub",-20,"C","A"],["ins",-1,"-","C"]]
QUERY:3-22:+	CTCGAGCGTCGCGTGGAGTC	test_data_2in:240695-240714:-	ATCGAGCGTCGCGTGGAGTC	1	Mismatch	1	0.9075	[["sub",-20,"C","A"]]
QUERY:3-22:+	CTCGAGCGTCGCGTGGAGTC	test_data_2in:240923-240942:+	CGAGCGTCTGCGTGAGAGTC	2	Indel	1	0.00310075	[["ins",-11,"-","T"],["ins",-6,"-","A"]]
QUERY:3-22:+	CTCGAGCGTCGCGTGGAGTC	test_data_2in:242149-242168:-	CGTAGACGTCGCGTGGAGTC	2	Indel	1	0.0235144	[["ins",-17,"-","T"],["ins",-15,"-","A"]]
QUERY:3-22:+	CTCGAGCGTCGCGTGGAGTC	test_data_2in:243752-243771:+	CGAGCGTCTGCAGTGGAGTC	2	Indel	1	0.0046531	[["ins",-11,"-","T"],["ins",-9,"-","A"]]
QUERY:3-22:+	CTCGAGCGTCGCGTGGAGTC	test_data_2in:26045-26064:-	CGAGGGCGTCGCGTGGAGTC	3	Mismatch	1	0.0932515040046	[["sub",-19,"T","G"],["sub",-18,"C","A"],["sub",-16,"A","G"]]
QUERY:3-22:+	CTCGAGCGTCGCGTGGAGTC	test_data_2in:32273-32292:+	CGAGCTGTCGCGTGGTAGTC	2	Indel	1	0.004247575	[["ins",-14,"-","T"],["ins",-5,"-","T"]]
QUERY:3-22:+	CTCGAGCGTCGCGTGGAGTC	test_data_2in:32974-32993:-	CGATGCGTCGCGGTGGAGTC	2	Indel	1	0.009055875	[["ins",-16,"-","T"],["ins",-9,"-","G"]]
QUERY:3-22:+	CTCGAGCGTCGCGTGGAGTC	test_data_2in:33626-33645:-	CGACGCGTCGCGTGGAGTTC	2	Indel	1	0.0050199375	[["ins",-16,"-","C"],["ins",-2,"-","T"]]
QUERY:3-22:+	CTCGAGCGTCGCGTGGAGTC	test_data_2in:33803-33822:-	CGATGCGTCGCGTAGGAGTC	2	Indel	1	0.0068265	[["ins",-16,"-","T"],["ins",-7,"-","A"]]
QUERY:3-22:+	CTCGAGCGTCGCGTGGAGTC	test_data_2in:35556-35575:+	TCGAGCGTCCGCGTGGAGTC	1	Indel	2	0.1823	[["ins",-12,"-","C"]]
QUERY:3-22:+	CTCGAGCGTCGCGTGGAGTC	test_data_2in:37607-37626:-	CGAGCGTCGCGCTGGAAGTC	2	Indel	1	0.001808725	[["ins",-8,"-","C"],["ins",-5,"-","A"]]
QUERY:3-22:+	CTCGAGCGTCGCGTGGAGTC	test_data_2in:43060-43079:+	CGAAGCGTCGCGTGGTAGTC	2	Indel	1	0.00613795	[["ins",-17,"-","A"],["ins",-5,"-","T"]]
QUERY:3-22:+	CTCGAGCGTCGCGTGGAGTC	test_data_2in:44762-44781:+	CGAAGCGTCGGCGTGGAGTC	2	Indel	1	0.0136591	[["ins",-17,"-","A"],["ins",-11,"-","G"]]
QUERY:3-22:+	CTCGAGCGTCGCGTGGAGTC	test_data_2in:4659-4678:+	CGAGCGTCGCGTGAGAGTTC	2	Indel	1	0.0012815125	[["ins",-6,"-","A"],["ins",-2,"-","T"]]
QUERY:3-22:+	CTCGAGCGTCGCGTGGAGTC	test_data_2in:46688-46707:-	CGAGCGTCGCGTGAGCAGTC	2	Indel	1	0.00160238125	[["ins",-6,"-","A"],["ins",-5,"-","C"]]
QUERY:3-22:+	CTCGAGCGTCGCGTGGAGTC	test_data_2in:47916-47935:+	CGATGCGTCGCGTGGAAGTC	2	Indel	1	0.005458125	[["ins",-16,"-","T"],["ins",-5,"-","A"]]
QUERY:3-22:+	CTCGAGCGTCGCGTGGAGTC	test_data_2in:50342-50361:-	CCGTAGCGTCGCGTGGAGTC	3	Mismatch	1	0.114665257978	[["sub",-19,"T","C"],["sub",-18,"C","G"],["sub",-17,"G","T"]]
QUERY:3-22:+	CTCGAGCGTCGCGTGGAGTC	test_data_2in:51720-51739:+	CTGAGCGTCGCGTGGGAGTC	2	Indel	1	0.00858918	[["del",-18,"C","-"],["ins",-7,"-","G"]]
QUERY:3-22:+	CTCGAGCGTCGCGTGGAGTC	test_data_2in:56971-56990:-	CTGAGCGTCGCTGTGGAGTC	2	Indel	1	0.011394205	[["del",-18,"C","-"],["ins",-9,"-","T"]]
QUERY:3-22:+	CTCGAGCGTCGCGTGGAGTC	test_data_2in:57673-57692:-	CGAGCGTCGCCGTGGAGTGC	2	Indel	1	0.0022283625	[["ins",-10,"-","C"],["ins",-2,"-","G"]]
QUERY:3-22:+	CTCGAGCGTCGCGTGGAGTC	test_data_2in:58826-58845:+	CGAAGCGTCGCGTGGAGTAC	2	Indel	1	0.005645185	[["ins",-17,"-","A"],["ins",-2,"-","A"]]
QUERY:3-22:+	CTCGAGCGTCGCGTGGAGTC	test_data_2in:59627-59646:-	CGAGCGCTCGCGTAGGAGTC	2	Indel	1	0.00464868	[["ins",-13,"-","C"],["ins",-7,"-","A"]]
QUERY:3-22:+	CTCGAGCGTCGCGTGGAGTC	test_data_2in:61005-61024:+	CGAAGCGTCGCGTGGATGTC	2	Indel	1	0.005731635	[["ins",-17,"-","A"],["ins",-4,"-","T"]]
QUERY:3-22:+	CTCGAGCGTCGCGTGGAGTC	test_data_2in:65506-65525:-	CGAGTCGTCGCGTGGGAGTC	2	Indel	1	0.0060384	[["ins",-15,"-","T"],["ins",-7,"-","G"]]
QUERY:3-22:+	CTCGAGCGTCGCGTGGAGTC	test_data_2in:69009-69028:+	CGAGCGTCGGCGTTGGAGTC	2	Indel	1	0.00402505	[["ins",-11,"-","G"],["ins",-8,"-","T"]]
QUERY:3-22:+	CTCGAGCGTCGCGTGGAGTC	test_data_2in:72360-72379:-	CGAAGTCGTCGCGTGGAGTC	2	Indel	1	0.0240465	[["ins",-16,"-","A"],["ins",-15,"-","T"]]
QUERY:3-22:+	CTCGAGCGTCGCGTGGAGTC	test_data_2in:73713-73732:+	CGAGACGTCGCGATGGAGTC	2	Indel	1	0.0069292	[["ins",-15,"-","A"],["ins",-8,"-","A"]]
QUERY:3-22:+	CTCGAGCGTCGCGTGGAGTC	test_data_2in:7711-7730:+	TCTGAGCGTCGCGTGGAGTC	1	Indel	1	0.3869	[["del",-18,"C","-"]]
QUERY:3-22:+	CTCGAGCGTCGCGTGGAGTC	test_data_2in:7738-7757:+	TCGAGCGTTCGCGTGGAGTC	2	Indel	3	0.05278625	[["sub",-20,"C","A"],["ins",-13,"-","T"]]
QUERY:3-22:+	CTCGAGCGTCGCGTGGAGTC	test_data_2in:77739-77758:-	TTCGAGCGTCGCGTGGAGTC	1	Mismatch	1	0.9075	[["sub",-20,"C","T"]]
QUERY:3-22:+	CTCGAGCGTCGCGTGGAGTC	test_data_2in:78967-78986:+	CGAGGCGTCGCCGTGGAGTC	2	Indel	2	0.0104934375	[["ins",-16,"-","G"],["ins",-10,"-","C"]]
QUERY:3-22:+	CTCGAGCGTCGCGTGGAGTC	test_data_2in:82369-82388:+	CGAAGCGTCGACGTGGAGTC	2	Indel	1	0.011800425	[["ins",-17,"-","A"],["ins",-10,"-","A"]]
QUERY:3-22:+	CTCGAGCGTCGCGTGGAGTC	test_data_2in:82420-82439:-	CGAGCGTACGCGTGGAGTCC	2	Indel	2	0.003144675	[["ins",-12,"-","A"],["ins",-1,"-","C"]]
QUERY:3-22:+	CTCGAGCGTCGCGTGGAGTC	test_data_2in:85497-85516:-	CGAGGCGTCGCGTCGGAGTC	2	Indel	1	0.0068265	[["ins",-16,"-","G"],["ins",-7,"-","C"]]
QUERY:3-22:+	CTCGAGCGTCGCGTGGAGTC	test_data_2in:88899-88918:-	CAGAGCGTCGCGGTGGAGTC	2	Indel	1	0.011394205	[["ins",-18,"-","A"],["ins",-9,"-","G"]]
QUERY:3-22:+	CTCGAGCGTCGCGTGGAGTC	test_data_2in:91399-91418:-	CGAGCGTCGCGTGGAGTCCG	2	Indel	2	0.00129538875	[["ins",-2,"-","C"],["ins",-1,"-","G"]]
QUERY:3-22:+	CTCGAGCGTCGCGTGGAGTC	test_data_2in:91400-91419:-	TCGAGCGTCGCGTGGAGTCC	1	Indel	3	0.069	[["ins",-1,"-","C"]]
QUERY:3-22:+	CTCGAGCGTCGCGTGGAGTC	test_data_2in:91401-91420:-	CTCGAGCGTCGCGTGGAGTC	0	Exact	1	1.0	[]
QUERY:3-22:+	CTCGAGCGTCGCGTGGAGTC	test_data_2in:91778-91797:-	CGAGCGTTCGCGTTGGAGTC	2	Indel	1	0.005334465	[["ins",-13,"-","T"],["ins",-8,"-","T"]]
QUERY:3-22:+	CTCGAGCGTCGCGTGGAGTC	test_data_2in:91880-91899:-	CGAGCTGTCGCCGTGGAGTC	2	Indel	1	0.0081661125	[["ins",-14,"-","T"],["ins",-10,"-","C"]]
QUERY:3-22:+	CTCGAGCGTCGCGTGGAGTC	test_data_2in:93758-93777:+	CGAGACGTCGCGTGGAGTTC	2	Indel	1	0.0044404	[["ins",-15,"-","A"],["ins",-2,"-","T"]]
QUERY:3-22:+	CTCGAGCGTCGCGTGGAGTC	test_data_2in:95485-95504:+	CGAGCGATCGCGTGGCAGTC	2	Indel	1	0.00371685	[["ins",-13,"-","A"],["ins",-5,"-","C"]]
QUERY:3-22:+	CTCGAGCGTCGCGTGGAGTC	test_data_2in:98611-98630:-	CCGAGCGTCGCGTGTGAGTC	2	Indel	1	0.00845445	[["del",-19,"T","-"],["ins",-6,"-","T"]]
QUERY:3-22:+	CTCGAGCGTCGCGTGGAGTC	test_data_2in:99488-99507:-	TCGAGCGTCGCGTGGGAGTC	1	Indel	4	0.0888	[["ins",-7,"-","G"]]
QUERY:3-22:+	CTCGAGCGTCGCGTGGAGTC	test_data_2in:99541-99560:+	CGAGCCGATCGCGTGGAGTC	2	Indel	1	0.01440645825	[["ins",-14,"-","C"],["ins",-13,"-","A"]]
QUERY:3-22:+	CTCGAGCGTCGCGTGGAGTC	test_data_2in:99893-99912:+	CGAGCGTGCGCGTGGCAGTC	2	Indel	2	0.003235825	[["ins",-12,"-","G"],["ins",-5,"-","C"]]
QUERY:3-22:+	CTCGAGCGTCGCGTGGAGTC	test_data_4sub:103078-103097:+	CTCGAGCGTTGCGTGGGCTA	4	Mismatch	1	7.54142489172e-05	[["sub",-11,"C","T"],["sub",-4,"A","G"],["sub",-3,"G","C"],["sub",-1,"C","A"]]
QUERY:3-22:+	CTCGAGCGTCGCGTGGAGTC	test_data_4sub:107829-107848:-	CTCGAGCGTTGCTTGTAGGC	4	Mismatch	1	8.86772581713e-05	[["sub",-11,"C","T"],["sub",-8,"G","T"],["sub",-5,"G","T"],["sub",-2,"T","G"]]
QUERY:3-22:+	CTCGAGCGTCGCGTGGAGTC	test_data_4sub:109778-109797:+	CCCCTGCGTCGCGTGGGGTC	4	Mismatch	1	0.000668619155302	[["sub",-19,"T","C"],["sub",-17,"G","C"],["sub",-16,"A","T"],["sub",-4,"A","G"]]
QUERY:3-22:+	CTCGAGCGTCGCGTGGAGTC	test_data_4sub:112479-112498:-	ATCGAGGGTCGCGTGGATTT	4	Mismatch	1	0.000216509606891	[["sub",-20,"C","A"],["sub",-14,"C","G"],["sub",-3,"G","T"],["sub",-1,"C","T"]]
QUERY:3-22:+	CTCGAGCGTCGCGTGGAGTC	test_data_4sub:116203-116222:+	CTCGACCGTCACGTGAACTC	4	Mismatch	1	0.000135284250684	[["sub",-15,"G","C"],["sub",-10,"G","A"],["sub",-5,"G","A"],["sub",-3,"G","C"]]
QUERY:3-22:+	CTCGAGCGTCGCGTGGAGTC	test_data_4sub:118003-118022:+	CTCTAGCGTCGGGTGGAGCA	4	Mismatch	1	0.000142902050812	[["sub",-17,"G","T"],["sub",-9,"C","G"],["sub",-2,"T","C"],["sub",-1,"C","A"]]
QUERY:3-22:+	CTCGAGCGTCGCGTGGAGTC	test_data_4sub:122679-122698:-	CTCGAGCCTCGCGTTTAGCC	4	Mismatch	1	0.000104314316618	[["sub",-13,"G","C"],["sub",-6,"G","T"],["sub",-5,"G","T"],["sub",-2,"T","C"]]
QUERY:3-22:+	CTCGAGCGTCGCGTGGAGTC	test_data_4sub:125603-125622:+	CTCTAGCTTCTCGTGGAGTG	4	Mismatch	1	0.000239116752618	[["sub",-17,"G","T"],["sub",-13,"G","T"],["sub",-10,"G","T"],["sub",-1,"C","G"]]
QUERY:3-22:+	CTCGAGCGTCGCGTGGAGTC	test_data_4sub:127328-127347:+	CTAGAGCCTGGCGTGGAGAC	4	Mismatch	1	0.000278313733845	[["sub",-18,"C","A"],["sub",-13,"G","C"],["sub",-11,"C","G"],["sub",-2,"T","A"]]
QUERY:3-22:+	CTCGAGCGTCGCGTGGAGTC	test_data_4sub:131378-131397:+	ATCGAGTTTCGCGTGGACTC	4	Mismatch	1	0.000458811183457	[["sub",-20,"C","A"],["sub",-14,"C","T"],["sub",-13,"G","T"],["sub",-3,"G","C"]]
QUERY:3-22:+	CTCGAGCGTCGCGTGGAGTC	test_data_4sub:131504-131523:-	CTTGAGATTCGCGTGAAGTC	4	Mismatch	1	0.000435930704419	[["sub",-18,"C","T"],["sub",-14,"C","A"],["sub",-13,"G","T"],["sub",-5,"G","A"]]
QUERY:3-22:+	CTCGAGCGTCGCGTGGAGTC	test_data_4sub:13353-13372:+	CTCTACCCTCGTGTGGAGTC	4	Mismatch	1	0.000473503539205	[["sub",-17,"G","T"],["sub",-15,"G","C"],["sub",-13,"G","C"],["sub",-9,"C","T"]]
QUERY:3-22:+	CTCGAGCGTCGCGTGGAGTC	test_data_4sub:136103-136122:+	CTGGATCGTCGGGTGGATTC	4	Mismatch	1	0.000288249166402	[["sub",-18,"C","G"],["sub",-15,"G","T"],["sub",-9,"C","G"],["sub",-3,"G","T"]]
QUERY:3-22:+	CTCGAGCGTCGCGTGGAGTC	test_data_4sub:136779-136798:-	CTCGCTCGTCGCTTGGATTC	4	Mismatch	1	0.000272974651503	[["sub",-16,"A","C"],["sub",-15,"G","T"],["sub",-8,"G","T"],["sub",-3,"G","T"]]
QUERY:3-22:+	CTCGAGCGTCGCGTGGAGTC	test_data_4sub:139403-139422:+	CTCGAGCGCGGCGTGGGGTG	4	Mismatch	1	0.000123745390563	[["sub",-12,"T","C"],["sub",-11,"C","G"],["sub",-4,"A","G"],["sub",-1,"C","G"]]
QUERY:3-22:+	CTCGAGCGTCGCGTGGAGTC	test_data_4sub:139704-139723:-	TTCGAGTGTTGCATGGAGTC	4	Mismatch	1	0.000443056366197	[["sub",-20,"C","T"],["sub",-14,"C","T"],["sub",-11,"C","T"],["sub",-8,"G","A"]]
QUERY:3-22:+	CTCGAGCGTCGCGTGGAGTC	test_data_4sub:142204-142223:-	CTCGAGCGACACTTGGAGTT	4	Mismatch	1	0.000123457767789	[["sub",-12,"T","A"],["sub",-10,"G","A"],["sub",-8,"G","T"],["sub",-1,"C","T"]]
QUERY:3-22:+	CTCGAGCGTCGCGTGGAGTC	test_data_4sub:145178-145197:+	CCCAAGCTTCGGGTGGAGTC	4	Mismatch	1	0.000617878544717	[["sub",-19,"T","C"],["sub",-17,"G","A"],["sub",-13,"G","T"],["sub",-9,"C","G"]]
QUERY:3-22:+	CTCGAGCGTCGCGTGGAGTC	test_data_4sub:14528-14547:+	CTCTATCGTCGATTGGAGTC	4	Mismatch	1	0.00039390854227	[["sub",-17,"G","T"],["sub",-15,"G","T"],["sub",-9,"C","A"],["sub",-8,"G","T"]]
QUERY:3-22:+	CTCGAGCGTCGCGTGGAGTC	test_data_4sub:147229-147248:-	GTCGAGCGTCGAGTGGTATC	4	Mismatch	1	0.000194709875389	[["sub",-20,"C","G"],["sub",-9,"C","A"],["sub",-4,"A","T"],["sub",-3,"G","A"]]
QUERY:3-22:+	CTCGAGCGTCGCGTGGAGTC	test_data_4sub:150479-150498:-	CTCGAGACTCGAATGGAGTC	4	Mismatch	1	0.00032320041185	[["sub",-14,"C","A"],["sub",-13,"G","C"],["sub",-9,"C","A"],["sub",-8,"G","A"]]
QUERY:3-22:+	CTCGAGCGTCGCGTGGAGTC	test_data_4sub:151928-151947:+	CTAGAGCGCCGCGTTTAGTC	4	Mismatch	1	0.00024646926882	[["sub",-18,"C","A"],["sub",-12,"T","C"],["sub",-6,"G","T"],["sub",-5,"G","T"]]
QUERY:3-22:+	CTCGAGCGTCGCGTGGAGTC	test_data_4sub:153653-153672:+	CTGAAGCGTCGTGTTGAGTC	4	Mismatch	1	0.000430722273252	[["sub",-18,"C","G"],["sub",-17,"G","A"],["sub",-9,"C","T"],["sub",-6,"G","T"]]
QUERY:3-22:+	CTCGAGCGTCGCGTGGAGTC	test_data_4sub:154854-154873:-	CTGGAGCGTCGCGGGTAATC	4	Mismatch	1	0.000137809158172	[["sub",-18,"C","G"],["sub",-7,"T","G"],["sub",-5,"G","T"],["sub",-3,"G","A"]]
QUERY:3-22:+	CTCGAGCGTCGCGTGGAGTC	test_data_4sub:157403-157422:+	CTCGTGCGGCCGGTGGAGTC	4	Mismatch	1	0.000340632403144	[["sub",-16,"A","T"],["sub",-12,"T","G"],["sub",-10,"G","C"],["sub",-9,"C","G"]]
QUERY:3-22:+	CTCGAGCGTCGCGTGGAGTC	test_data_4sub:163879-163898:-	CTCCAGCGTAGTGTGGAATC	4	Mismatch	1	0.000206047979045	[["sub",-17,"G","C"],["sub",-11,"C","A"],["sub",-9,"C","T"],["sub",-3,"G","A"]]
QUERY:3-22:+	CTCGAGCGTCGCGTGGAGTC	test_data_4sub:164054-164073:-	CTCGATCGCCACGCGGAGTC	4	Mismatch	1	0.000245890642039	[["sub",-15,"G","T"],["sub",-12,"T","C"],["sub",-10,"G","A"],["sub",-7,"T","C"]]
QUERY:3-22:+	CTCGAGCGTCGCGTGGAGTC	test_data_4sub:165429-165448:-	CTCTAGCGTCTCTTGCAGTC	4	Mismatch	1	0.000196486614716	[["sub",-17,"G","T"],["sub",-10,"G","T"],["sub",-8,"G","T"],["sub",-5,"G","C"]]
QUERY:3-22:+	CTCGAGCGTCGCGTGGAGTC	test_data_4sub:168728-168747:+	CTCGAGCGCCGCCCGTAGTC	4	Mismatch	1	0.000134412452672	[["sub",-12,"T","C"],["sub",-8,"G","C"],["sub",-7,"T","C"],["sub",-5,"G","T"]]
QUERY:3-22:+	CTCGAGCGTCGCGTGGAGTC	test_data_4sub:171128-171147:+	CTCGAGGTACGCGTTGAGTC	4	Mismatch	1	0.000351559076283	[["sub",-14,"C","G"],["sub",-13,"G","T"],["sub",-12,"T","A"],["sub",-6,"G","T"]]
QUERY:3-22:+	CTCGAGCGTCGCGTGGAGTC	test_data_4sub:173279-173298:-	CCCGAGCGGTGTGTGGAGTC	4	Mismatch	1	0.000443554431345	[["sub",-19,"T","C"],["sub",-12,"T","G"],["sub",-11,"C","T"],["sub",-9,"C","T"]]
QUERY:3-22:+	CTCGAGCGTCGCGTGGAGTC	test_data_4sub:174479-174498:-	CTAGATCGTCGCGTGGAAGC	4	Mismatch	1	0.000238733911584	[["sub",-18,"C","A"],["sub",-15,"G","T"],["sub",-3,"G","A"],["sub",-2,"T","G"]]
QUERY:3-22:+	CTCGAGCGTCGCGTGGAGTC	test_data_4sub:175103-175122:+	CTCCAGCGTCGAGTGTACTC	4	Mismatch	1	0.00014522658764	[["sub",-17,"G","C"],["sub",-9,"C","A"],["sub",-5,"G","T"],["sub",-3,"G","C"]]
QUERY:3-22:+	CTCGAGCGTCGCGTGGAGTC	test_data_4sub:176053-176072:+	CTTGCGCGCCGCGTGGAGGC	4	Mismatch	1	0.000364408509932	[["sub",-18,"C","T"],["sub",-16,"A","C"],["sub",-12,"T","C"],["sub",-2,"T","G"]]
QUERY:3-22:+	CTCGAGCGTCGCGTGGAGTC	test_data_4sub:177603-177622:+	CTTCAGCGTCGCGTTGAGAC	4	Mismatch	1	0.000310202678749	[["sub",-18,"C","T"],["sub",-17,"G","C"],["sub",-6,"G","T"],["sub",-2,"T","A"]]
QUERY:3-22:+	CTCGAGCGTCGCGTGGAGTC	test_data_4sub:181003-181022:+	CCCGAGCTTCGCGTTGATTC	4	Mismatch	1	0.000226215998768	[["sub",-19,"T","C"],["sub",-13,"G","T"],["sub",-6,"G","T"],["sub",-3,"G","T"]]
QUERY:3-22:+	CTCGAGCGTCGCGTGGAGTC	test_data_4sub:183754-183773:-	CTCGAGCGTTGCGTGAACCC	4	Mismatch	1	8.03154599014e-05	[["sub",-11,"C","T"],["sub",-5,"G","A"],["sub",-3,"G","C"],["sub",-2,"T","C"]]
QUERY:3-22:+	CTCGAGCGTCGCGTGGAGTC	test_data_4sub:183903-183922:+	CTCCAGCGTCGCGTGAATAC	4	Mismatch	1	0.000120279658623	[["sub",-17,"G","C"],["sub",-5,"G","A"],["sub",-3,"G","T"],["sub",-2,"T","A"]]
QUERY:3-22:+	CTCGAGCGTCGCGTGGAGTC	test_data_4sub:185379-185398:-	TTCGATCGTCGCGTGAGGTC	4	Mismatch	1	0.000313751700455	[["sub",-20,"C","T"],["sub",-15,"G","T"],["sub",-5,"G","A"],["sub",-4,"A","G"]]
QUERY:3-22:+	CTCGAGCGTCGCGTGGAGTC	test_data_4sub:18778-18797:+	CCCGCGCTTCGGGTGGAGTC	4	Mismatch	1	0.000577863079834	[["sub",-19,"T","C"],["sub",-16,"A","C"],["sub",-13,"G","T"],["sub",-9,"C","G"]]
QUERY:3-22:+	CTCGAGCGTCGCGTGGAGTC	test_data_4sub:195479-195498:-	GTCGCGCGTCGCGGGGAGTT	4	Mismatch	1	0.000297054144492	[["sub",-20,"C","G"],["sub",-16,"A","C"],["sub",-7,"T","G"],["sub",-1,"C","T"]]
QUERY:3-22:+	CTCGAGCGTCGCGTGGAGTC	test_data_4sub:200829-200848:-	CTTGAGCGTAGCCTGGGGTC	4	Mismatch	1	0.000214739463401	[["sub",-18,"C","T"],["sub",-11,"C","A"],["sub",-8,"G","C"],["sub",-4,"A","G"]]
QUERY:3-22:+	CTCGAGCGTCGCGTGGAGTC	test_data_4sub:201229-201248:-	CACCAGCGTCGCATGAAGTC	4	Mismatch	1	0.000358351150698	[["sub",-19,"T","A"],["sub",-17,"G","C"],["sub",-8,"G","A"],["sub",-5,"G","A"]]
QUERY:3-22:+	CTCGAGCGTCGCGTGGAGTC	test_data_4sub:206104-206123:-	CTTGAGGGTCGCTTGGAGTA	4	Mismatch	1	0.00024140447195	[["sub",-18,"C","T"],["sub",-14,"C","G"],["sub",-8,"G","T"],["sub",-1,"C","A"]]
QUERY:3-22:+	CTCGAGCGTCGCGTGGAGTC	test_data_4sub:208404-208423:-	CTCGAGCTTCACGTGGAGAG	4	Mismatch	1	0.000116254409916	[["sub",-13,"G","T"],["sub",-10,"G","A"],["sub",-2,"T","A"],["sub",-1,"C","G"]]
QUERY:3-22:+	CTCGAGCGTCGCGTGGAGTC	test_data_4sub:20904-20923:-	CTCCGGCGTCTCGTGGTGTC	4	Mismatch	1	0.000366608880992	[["sub",-17,"G","C"],["sub",-16,"A","G"],["sub",-10,"G","T"],["sub",-4,"A","T"]]
QUERY:3-22:+	CTCGAGCGTCGCGTGGAGTC	test_data_4sub:212379-212398:-	ATCGATCTTGGCGTGGAGTC	4	Mismatch	1	0.000655391900109	[["sub",-20,"C","A"],["sub",-15,"G","T"],["sub",-13,"G","T"],["sub",-11,"C","G"]]
QUERY:3-22:+	CTCGAGCGTCGCGTGGAGTC	test_data_4sub:214679-214698:-	CCCGAGCGGCTCGTAGAGTC	4	Mismatch	1	0.000304111695392	[["sub",-19,"T","C"],["sub",-12,"T","G"],["sub",-10,"G","T"],["sub",-6,"G","A"]]
QUERY:3-22:+	CTCGAGCGTCGCGTGGAGTC	test_data_4sub:223854-223873:-	CTCGAGCGTAGCGCGATGTC	4	Mismatch	1	0.000102670921	[["sub",-11,"C","A"],["sub",-7,"T","C"],["sub",-5,"G","A"],["sub",-4,"A","T"]]
QUERY:3-22:+	CTCGAGCGTCGCGTGGAGTC	test_data_4sub:224304-224323:-	CTCGTGCGTTCCGTGGTGTC	4	Mismatch	1	0.000244799172344	[["sub",-16,"A","T"],["sub",-11,"C","T"],["sub",-10,"G","C"],["sub",-4,"A","T"]]
QUERY:3-22:+	CTCGAGCGTCGCGTGGAGTC	test_data_4sub:232403-232422:+	AACGAGCGTCCCGTTGAGTC	4	Mismatch	1	0.000596240030253	[["sub",-20,"C","A"],["sub",-19,"T","A"],["sub",-10,"G","C"],["sub",-6,"G","T"]]
QUERY:3-22:+	CTCGAGCGTCGCGTGGAGTC	test_data_4sub:2403-2422:+	CGCGAGTGTCGCGTGAATTC	4	Mismatch	1	0.000230572047442	[["sub",-19,"T","G"],["sub",-14,"C","T"],["sub",-5,"G","A"],["sub",-3,"G","T"]]
QUERY:3-22:+	CTCGAGCGTCGCGTGGAGTC	test_data_4sub:243978-243997:+	CGCGAGAGTCGCTTGAAGTC	4	Mismatch	1	0.000292763952963	[["sub",-19,"T","G"],["sub",-14,"C","A"],["sub",-8,"G","T"],["sub",-5,"G","A"]]
QUERY:3-22:+	CTCGAGCGTCGCGTGGAGTC	test_data_4sub:245303-245322:+	CTCGGGCCTCGCTTGGAGAC	4	Mismatch	1	0.000201482565504	[["sub",-16,"A","G"],["sub",-13,"G","C"],["sub",-8,"G","T"],["sub",-2,"T","A"]]
QUERY:3-22:+	CTCGAGCGTCGCGTGGAGTC	test_data_4sub:246478-246497:+	CTCGAGCGCCGACTGGAGTA	4	Mismatch	1	0.000133241762805	[["sub",-12,"T","C"],["sub",-9,"C","A"],["sub",-8,"G","C"],["sub",-1,"C","A"]]
QUERY:3-22:+	CTCGAGCGTCGCGTGGAGTC	test_data_4sub:249704-249723:-	CTCCTACGGCGCGTGGAGTC	4	Mismatch	1	0.000932666479476	[["sub",-17,"G","C"],["sub",-16,"A","T"],["sub",-15,"G","A"],["sub",-12,"T","G"]]
QUERY:3-22:+	CTCGAGCGTCGCGTGGAGTC	test_data_4sub:27253-27272:+	CTTGGGTGTCGCGTGGAGAC	4	Mismatch	1	0.000417122121176	[["sub",-18,"C","T"],["sub",-16,"A","G"],["sub",-14,"C","T"],["sub",-2,"T","A"]]
QUERY:3-22:+	CTCGAGCGTCGCGTGGAGTC	test_data_4sub:29854-29873:-	CTAGGGCGTCGCCTGGAATC	4	Mismatch	1	0.000290122032252	[["sub",-18,"C","A"],["sub",-16,"A","G"],["sub",-8,"G","C"],["sub",-3,"G","A"]]
QUERY:3-22:+	CTCGAGCGTCGCGTGGAGTC	test_data_4sub:29928-29947:+	ATCGAGCGTAGAGTGGACTC	4	Mismatch	1	0.000250722098395	[["sub",-20,"C","A"],["sub",-11,"C","A"],["sub",-9,"C","A"],["sub",-3,"G","C"]]
QUERY:3-22:+	CTCGAGCGTCGCGTGGAGTC	test_data_4sub:3329-3348:-	CTCATGCATCGCCTGGAGTC	4	Mismatch	1	0.000548067085175	[["sub",-17,"G","A"],["sub",-16,"A","T"],["sub",-13,"G","A"],["sub",-8,"G","C"]]
QUERY:3-22:+	CTCGAGCGTCGCGTGGAGTC	test_data_4sub:37303-37322:+	CCCGAGCGTCGAGTGGTCTC	4	Mismatch	1	0.000182544531109	[["sub",-19,"T","C"],["sub",-9,"C","A"],["sub",-4,"A","T"],["sub",-3,"G","C"]]
QUERY:3-22:+	CTCGAGCGTCGCGTGGAGTC	test_data_4sub:38829-38848:-	TTCGAGCGTCCCCTGGAGAC	4	Mismatch	1	0.000214770228494	[["sub",-20,"C","T"],["sub",-10,"G","C"],["sub",-8,"G","C"],["sub",-2,"T","A"]]
QUERY:3-22:+	CTCGAGCGTCGCGTGGAGTC	test_data_4sub:39978-39997:+	CTCTAGCGTTGCATGTAGTC	4	Mismatch	1	0.000209754199633	[["sub",-17,"G","T"],["sub",-11,"C","T"],["sub",-8,"G","A"],["sub",-5,"G","T"]]
QUERY:3-22:+	CTCGAGCGTCGCGTGGAGTC	test_data_4sub:4103-4122:+	ATAGAGCGTCGCGTGCAGTA	4	Mismatch	1	0.000306391061399	[["sub",-20,"C","A"],["sub",-18,"C","A"],["sub",-5,"G","C"],["sub",-1,"C","A"]]
QUERY:3-22:+	CTCGAGCGTCGCGTGGAGTC	test_data_4sub:41604-41623:-	CTCGAACAACGCGAGGAGTC	4	Mismatch	1	0.000345148234327	[["sub",-15,"G","A"],["sub",-13,"G","A"],["sub",-12,"T","A"],["sub",-7,"T","A"]]
QUERY:3-22:+	CTCGAGCGTCGCGTGGAGTC	test_data_4sub:42629-42648:-	CTCTCGGGTCGCGTGGAGGC	4	Mismatch	1	0.000448931019787	[["sub",-17,"G","T"],["sub",-16,"A","C"],["sub",-14,"C","G"],["sub",-2,"T","G"]]
QUERY:3-22:+	CTCGAGCGTCGCGTGGAGTC	test_data_4sub:43379-43398:-	CTCGCGCGTTTGGTGGAGTC	4	Mismatch	1	0.000366485397859	[["sub",-16,"A","C"],["sub",-11,"C","T"],["sub",-10,"G","T"],["sub",-9,"C","G"]]
QUERY:3-22:+	CTCGAGCGTCGCGTGGAGTC	test_data_4sub:44104-44123:-	CGTGAGCGTACCGTGGAGTC	4	Mismatch	1	0.00081370692921	[["sub",-19,"T","G"],["sub",-18,"C","T"],["sub",-11,"C","A"],["sub",-10,"G","C"]]
QUERY:3-22:+	CTCGAGCGTCGCGTGGAGTC	test_data_4sub:47754-47773:-	CTTGAGCATCACGTGGACTC	4	Mismatch	1	0.000268233995025	[["sub",-18,"C","T"],["sub",-13,"G","A"],["sub",-10,"G","A"],["sub",-3,"G","C"]]
QUERY:3-22:+	CTCGAGCGTCGCGTGGAGTC	test_data_4sub:49454-49473:-	CGCGCGCGTCGGGTGAAGTC	4	Mismatch	1	0.000356216967021	[["sub",-19,"T","G"],["sub",-16,"A","C"],["sub",-9,"C","G"],["sub",-5,"G","A"]]
QUERY:3-22:+	CTCGAGCGTCGCGTGGAGTC	test_data_4sub:49928-49947:+	CTCGAGCTTAGCCTGCAGTC	4	Mismatch	1	0.000160142184595	[["sub",-13,"G","T"],["sub",-11,"C","A"],["sub",-8,"G","C"],["sub",-5,"G","C"]]
QUERY:3-22:+	CTCGAGCGTCGCGTGGAGTC	test_data_4sub:50678-50697:+	CCCGAGCGTCACATGGTGTC	4	Mismatch	1	0.000214762189662	[["sub",-19,"T","C"],["sub",-10,"G","A"],["sub",-8,"G","A"],["sub",-4,"A","T"]]
QUERY:3-22:+	CTCGAGCGTCGCGTGGAGTC	test_data_4sub:5528-5547:+	CTCGAGCCTCGCATGCTGTC	4	Mismatch	1	0.000124365841729	[["sub",-13,"G","C"],["sub",-8,"G","A"],["sub",-5,"G","C"],["sub",-4,"A","T"]]
QUERY:3-22:+	CTCGAGCGTCGCGTGGAGTC	test_data_4sub:6029-6048:-	CTCTAACGTGGAGTGGAGTC	4	Mismatch	1	0.000414128490559	[["sub",-17,"G","T"],["sub",-15,"G","A"],["sub",-11,"C","G"],["sub",-9,"C","A"]]
QUERY:3-22:+	CTCGAGCGTCGCGTGGAGTC	test_data_4sub:63528-63547:+	GTAGAGCGTGGCGTGCAGTC	4	Mismatch	1	0.000493795302838	[["sub",-20,"C","G"],["sub",-18,"C","A"],["sub",-11,"C","G"],["sub",-5,"G","C"]]
QUERY:3-22:+	CTCGAGCGTCGCGTGGAGTC	test_data_4sub:63828-63847:+	ATCGAGCCTCGCGTGGATTA	4	Mismatch	1	0.000202331479015	[["sub",-20,"C","A"],["sub",-13,"G","C"],["sub",-3,"G","T"],["sub",-1,"C","A"]]
QUERY:3-22:+	CTCGAGCGTCGCGTGGAGTC	test_data_4sub:6554-6573:-	CTCGAGCGTCGCGGGAAGGA	4	Mismatch	1	5.97274121157e-05	[["sub",-7,"T","G"],["sub",-5,"G","A"],["sub",-2,"T","G"],["sub",-1,"C","A"]]
QUERY:3-22:+	CTCGAGCGTCGCGTGGAGTC	test_data_4sub:68903-68922:+	CTCGAGCGTCCCGTTGACAC	4	Mismatch	1	7.89863111318e-05	[["sub",-10,"G","C"],["sub",-6,"G","T"],["sub",-3,"G","C"],["sub",-2,"T","A"]]
QUERY:3-22:+	CTCGAGCGTCGCGTGGAGTC	test_data_4sub:71503-71522:+	CCCGAGCCTCGCGCGGAGGC	4	Mismatch	1	0.000231982490043	[["sub",-19,"T","C"],["sub",-13,"G","C"],["sub",-7,"T","C"],["sub",-2,"T","G"]]
QUERY:3-22:+	CTCGAGCGTCGCGTGGAGTC	test_data_4sub:72478-72497:+	GTCGACCGTCGCGCGAAGTC	4	Mismatch	1	0.000315418844812	[["sub",-20,"C","G"],["sub",-15,"G","C"],["sub",-7,"T","C"],["sub",-5,"G","A"]]
QUERY:3-22:+	CTCGAGCGTCGCGTGGAGTC	test_data_4sub:75229-75248:-	CCCGATCGTCTCGTGGAGAC	4	Mismatch	1	0.000318721037515	[["sub",-19,"T","C"],["sub",-15,"G","T"],["sub",-10,"G","T"],["sub",-2,"T","A"]]
QUERY:3-22:+	CTCGAGCGTCGCGTGGAGTC	test_data_4sub:76528-76547:+	CTCGAGCGACCCGTGGGTTC	4	Mismatch	1	0.000121695270999	[["sub",-12,"T","A"],["sub",-10,"G","C"],["sub",-4,"A","G"],["sub",-3,"G","T"]]
QUERY:3-22:+	CTCGAGCGTCGCGTGGAGTC	test_data_4sub:76779-76798:-	CTCCAGATTCGCGTGGAGTG	4	Mismatch	1	0.000359159513346	[["sub",-17,"G","C"],["sub",-14,"C","A"],["sub",-13,"G","T"],["sub",-1,"C","G"]]
QUERY:3-22:+	CTCGAGCGTCGCGTGGAGTC	test_data_4sub:77279-77298:-	ATCGAGCTTCGTGTGGATTC	4	Mismatch	1	0.000286669001659	[["sub",-20,"C","A"],["sub",-13,"G","T"],["sub",-9,"C","T"],["sub",-3,"G","T"]]
QUERY:3-22:+	CTCGAGCGTCGCGTGGAGTC	test_data_4sub:80178-80197:+	CTTGCTCGTCGGGTGGAGTC	4	Mismatch	1	0.000712736937731	[["sub",-18,"C","T"],["sub",-16,"A","C"],["sub",-15,"G","T"],["sub",-9,"C","G"]]
QUERY:3-22:+	CTCGAGCGTCGCGTGGAGTC	test_data_4sub:80578-80597:+	CCCGAAGGTCGCGTGTAGTC	4	Mismatch	1	0.000532931322972	[["sub",-19,"T","C"],["sub",-15,"G","A"],["sub",-14,"C","G"],["sub",-5,"G","T"]]
QUERY:3-22:+	CTCGAGCGTCGCGTGGAGTC	test_data_4sub:82579-82598:-	CTCGACCCACGCGTGAAGTC	4	Mismatch	1	0.000311592155989	[["sub",-15,"G","C"],["sub",-13,"G","C"],["sub",-12,"T","A"],["sub",-5,"G","A"]]
QUERY:3-22:+	CTCGAGCGTCGCGTGGAGTC	test_data_4sub:88078-88097:+	TACGAGCGTCGCTCGGAGTC	4	Mismatch	1	0.000638774952797	[["sub",-20,"C","T"],["sub",-19,"T","A"],["sub",-8,"G","T"],["sub",-7,"T","C"]]
QUERY:3-22:+	CTCGAGCGTCGCGTGGAGTC	test_data_4sub:9103-9122:+	CTCGAGCGTCTCGTGCCGGC	4	Mismatch	1	7.79951284509e-05	[["sub",-10,"G","T"],["sub",-5,"G","C"],["sub",-4,"A","C"],["sub",-2,"T","G"]]
QUERY:3-22:+	CTCGAGCGTCGCGTGGAGTC	test_data_4sub:95029-95048:-	CTCGAGTGTGGCGTCGTGTC	4	Mismatch	1	0.000146887525639	[["sub",-14,"C","T"],["sub",-11,"C","G"],["sub",-6,"G","C"],["sub",-4,"A","T"]]
QUERY:3-22:+	CTCGAGCGTCGCGTGGAGTC	test_data_4sub:95479-95498:-	GGCGGGCGTCACGTGGAGTC	4	Mismatch	1	0.00112856830692	[["sub",-20,"C","G"],["sub",-19,"T","G"],["sub",-16,"A","G"],["sub",-10,"G","A"]]
QUERY:3-22:+	CTCGAGCGTCGCGTGGAGTC	test_data_4sub:95604-95623:-	CTTGAGCGTGCCGTGGAGAC	4	Mismatch	1	0.000262220513461	[["sub",-18,"C","T"],["sub",-11,"C","G"],["sub",-10,"G","C"],["sub",-2,"T","A"]]
